10135,2015,10,	32,3042
10136,2015,10,	20,3197
10140,2015,10,	258,24016
10141,2015,10,	11,782
10146,2015,10,	21,1840
10154,2015,10,	5,563
10155,2015,10,	13,887
10157,2015,10,	29,2930
10158,2015,10,	37,3990
10165,2015,10,	1,29
10170,2015,10,	4,310
10185,2015,10,	49,5430
10208,2015,10,	25,2355
10257,2015,10,	88,8400
10268,2015,10,	4,218
10279,2015,10,	40,3755
10299,2015,10,	177,16971
10333,2015,10,	3,473
10372,2015,10,	6,921
10397,2015,10,	3098,362075
10408,2015,10,	34,2536
10423,2015,10,	566,65505
10431,2015,10,	55,6886
10434,2015,10,	13,1045
10469,2015,10,	8,970
10529,2015,10,	213,21979
10551,2015,10,	8,880
10561,2015,10,	21,1810
10577,2015,10,	7,830
10581,2015,10,	6,616
10599,2015,10,	152,16219
10620,2015,10,	14,976
10627,2015,10,	29,2446
10631,2015,10,	4,530
10685,2015,10,	19,1687
10693,2015,10,	521,55838
10713,2015,10,	151,15977
10721,2015,10,	1471,158184
10728,2015,10,	13,1362
10731,2015,10,	19,2030
10732,2015,10,	22,2142
10739,2015,10,	4,445
10747,2015,10,	19,2568
10754,2015,10,	10,559
10779,2015,10,	4,170
10781,2015,10,	102,10969
10785,2015,10,	57,6553
10792,2015,10,	194,19521
10800,2015,10,	189,16900
10821,2015,10,	889,87001
10849,2015,10,	27,2581
10868,2015,10,	58,5835
10874,2015,10,	60,8329
10918,2015,10,	3,162
10926,2015,10,	9,892
10980,2015,10,	52,5647
10990,2015,10,	37,5898
10994,2015,10,	182,15619
11003,2015,10,	57,4963
11013,2015,10,	7,840
11042,2015,10,	392,44928
11049,2015,10,	22,2449
11057,2015,10,	1096,89469
11066,2015,10,	215,23690
11067,2015,10,	11,1167
11076,2015,10,	7,364
11097,2015,10,	2,74
11109,2015,10,	105,9917
11111,2015,10,	15,1423
11122,2015,10,	8,816
11140,2015,10,	67,5760
11146,2015,10,	27,2292
11150,2015,10,	22,1765
11193,2015,10,	236,21259
11203,2015,10,	12,789
11252,2015,10,	4,276
11259,2015,10,	751,83355
11267,2015,10,	85,6916
11274,2015,10,	7,556
11278,2015,10,	948,83532
11292,2015,10,	2200,238979
11298,2015,10,	2571,377535
11308,2015,10,	13,1190
11315,2015,10,	1,123
11337,2015,10,	26,1801
11413,2015,10,	21,2094
11423,2015,10,	84,9994
11433,2015,10,	1081,122995
11447,2015,10,	3,208
11471,2015,10,	12,770
11481,2015,10,	32,3679
11525,2015,10,	4,433
11537,2015,10,	22,2028
11540,2015,10,	148,15147
11577,2015,10,	8,337
11587,2015,10,	2,213
11603,2015,10,	45,5585
11612,2015,10,	39,4380
11617,2015,10,	8,591
11618,2015,10,	1624,206835
11624,2015,10,	14,902
11630,2015,10,	28,2321
11637,2015,10,	63,4894
11638,2015,10,	69,9858
11641,2015,10,	13,1190
11648,2015,10,	8,494
11695,2015,10,	37,2508
11697,2015,10,	947,96223
11721,2015,10,	46,4180
11775,2015,10,	54,3934
11778,2015,10,	23,2622
11823,2015,10,	48,4306
11865,2015,10,	7,897
11867,2015,10,	5,774
11884,2015,10,	107,9611
11898,2015,10,	9,751
11905,2015,10,	5,239
11921,2015,10,	30,2342
11953,2015,10,	35,4330
11973,2015,10,	30,3840
11977,2015,10,	66,6058
11980,2015,10,	5,504
11982,2015,10,	34,4313
11986,2015,10,	118,10459
11995,2015,10,	76,7440
11996,2015,10,	75,6251
12003,2015,10,	14,1598
12007,2015,10,	9,778
12094,2015,10,	4,238
12129,2015,10,	12,2148
12156,2015,10,	14,1135
12173,2015,10,	473,44001
12177,2015,10,	8,413
12191,2015,10,	588,63185
12197,2015,10,	141,10998
12206,2015,10,	45,4762
12217,2015,10,	33,3329
12255,2015,10,	5,301
12264,2015,10,	352,37440
12265,2015,10,	2,225
12266,2015,10,	1813,206492
12278,2015,10,	70,6576
12280,2015,10,	19,1356
12323,2015,10,	27,2438
12335,2015,10,	3,291
12339,2015,10,	281,26252
12343,2015,10,	7,1285
12389,2015,10,	19,1733
12391,2015,10,	61,6639
12402,2015,10,	16,789
12441,2015,10,	18,2260
12448,2015,10,	77,7704
12451,2015,10,	219,18752
12478,2015,10,	1498,170233
12511,2015,10,	4,897
12519,2015,10,	6,374
12523,2015,10,	64,5179
12758,2015,10,	84,5744
12819,2015,10,	34,2834
12884,2015,10,	27,2258
12888,2015,10,	4,523
12889,2015,10,	1673,177526
12891,2015,10,	13,1737
12892,2015,10,	2261,240041
12896,2015,10,	88,10950
12898,2015,10,	20,3016
12915,2015,10,	20,1802
12945,2015,10,	68,6659
12951,2015,10,	62,5676
12953,2015,10,	1454,165355
12954,2015,10,	121,9559
12982,2015,10,	99,6958
12992,2015,10,	118,11455
13029,2015,10,	36,2301
13061,2015,10,	36,3621
13076,2015,10,	14,1361
13127,2015,10,	1,20
13158,2015,10,	80,8133
13184,2015,10,	25,2341
13198,2015,10,	439,42389
13204,2015,10,	1163,126474
13230,2015,10,	26,2018
13232,2015,10,	646,64896
13241,2015,10,	16,1913
13244,2015,10,	179,18427
13256,2015,10,	30,3722
13264,2015,10,	33,4532
13277,2015,10,	46,3773
13290,2015,10,	9,1363
13296,2015,10,	71,5850
13303,2015,10,	717,89968
13342,2015,10,	280,31139
13344,2015,10,	10,712
13360,2015,10,	6,631
13367,2015,10,	36,2888
13377,2015,10,	29,3299
13422,2015,10,	70,5500
13433,2015,10,	22,2146
13459,2015,10,	1,42
13476,2015,10,	45,4412
13485,2015,10,	82,7647
13486,2015,10,	11,1408
13487,2015,10,	1166,125865
13495,2015,10,	420,43773
13502,2015,10,	1,47
13577,2015,10,	65,7086
13795,2015,10,	20,2288
13796,2015,10,	440,39767
13830,2015,10,	182,13483
13851,2015,10,	228,20199
13871,2015,10,	182,16715
13873,2015,10,	8,742
13891,2015,10,	222,25336
13930,2015,10,	3236,361590
13931,2015,10,	116,10750
13933,2015,10,	6,333
13964,2015,10,	14,1821
13970,2015,10,	7,764
14006,2015,10,	6,353
14025,2015,10,	4,407
14027,2015,10,	269,26445
14057,2015,10,	489,47652
14098,2015,10,	17,1356
14100,2015,10,	883,92198
14107,2015,10,	1585,154251
14108,2015,10,	54,5790
14109,2015,10,	10,1553
14113,2015,10,	2,35
14122,2015,10,	213,21591
14150,2015,10,	8,733
14193,2015,10,	46,4797
14222,2015,10,	2,258
14252,2015,10,	21,2102
14254,2015,10,	10,1107
14256,2015,10,	17,1617
14262,2015,10,	92,9380
14307,2015,10,	145,14746
14321,2015,10,	70,6149
14457,2015,10,	22,2406
14487,2015,10,	14,1250
14489,2015,10,	29,2348
14492,2015,10,	383,38379
14520,2015,10,	4,374
14524,2015,10,	233,25008
14543,2015,10,	6,402
14570,2015,10,	146,15054
14574,2015,10,	27,1193
14576,2015,10,	95,9454
14588,2015,10,	15,2454
14633,2015,10,	15,1283
14635,2015,10,	206,17342
14674,2015,10,	10,827
14679,2015,10,	661,67951
14683,2015,10,	355,33112
14685,2015,10,	77,6772
14689,2015,10,	75,7390
14696,2015,10,	55,6083
14698,2015,10,	44,5634
14709,2015,10,	6,949
14711,2015,10,	16,777
14730,2015,10,	82,5787
14747,2015,10,	1453,117692
14771,2015,10,	2096,252596
14783,2015,10,	50,5546
14794,2015,10,	22,2286
14814,2015,10,	86,8975
14828,2015,10,	19,1625
14831,2015,10,	353,34717
14842,2015,10,	16,1753
14843,2015,10,	264,27780
14869,2015,10,	652,71200
14893,2015,10,	432,41440
14905,2015,10,	9,1275
14908,2015,10,	329,29951
14952,2015,10,	22,2007
14960,2015,10,	10,770
14986,2015,10,	23,2294
15016,2015,10,	454,41592
15024,2015,10,	40,3259
15027,2015,10,	9,651
15041,2015,10,	3,420
15048,2015,10,	3,234
15070,2015,10,	19,1804
15096,2015,10,	72,6523
15249,2015,10,	27,2612
15295,2015,10,	2,290
15304,2015,10,	609,64097
15323,2015,10,	11,1238
15356,2015,10,	46,4641
15370,2015,10,	187,17948
15376,2015,10,	164,18265
15380,2015,10,	25,2016
15389,2015,10,	6,122
15401,2015,10,	15,1897
15411,2015,10,	25,2303
15412,2015,10,	84,8867
15497,2015,10,	2,148
15607,2015,10,	15,1568
15624,2015,10,	41,4721
15841,2015,10,	16,1621
15919,2015,10,	146,13281
15991,2015,10,	8,737
16218,2015,10,	19,1241
ABE,2015,1,	33,2187
ABE,2015,11,	39,4437
ABE,2015,12,	25,3467
ABE,2015,2,	48,5180
ABE,2015,3,	39,3407
ABE,2015,4,	31,3330
ABE,2015,5,	40,3592
ABE,2015,6,	47,6743
ABE,2015,7,	41,3842
ABE,2015,8,	47,5277
ABE,2015,9,	34,5529
ABI,2015,1,	65,6082
ABI,2015,11,	22,1937
ABI,2015,12,	23,3083
ABI,2015,2,	41,4195
ABI,2015,3,	64,5237
ABI,2015,4,	48,6400
ABI,2015,5,	51,5666
ABI,2015,6,	48,4476
ABI,2015,7,	29,2574
ABI,2015,8,	19,1572
ABI,2015,9,	12,958
ABQ,2015,1,	321,27851
ABQ,2015,11,	311,26404
ABQ,2015,12,	382,39066
ABQ,2015,2,	281,26038
ABQ,2015,3,	359,31188
ABQ,2015,4,	338,32295
ABQ,2015,5,	387,40441
ABQ,2015,6,	472,55130
ABQ,2015,7,	479,48276
ABQ,2015,8,	402,44446
ABQ,2015,9,	188,17375
ABR,2015,1,	10,1187
ABR,2015,11,	8,503
ABR,2015,12,	10,1551
ABR,2015,2,	7,615
ABR,2015,3,	3,168
ABR,2015,4,	3,317
ABR,2015,5,	3,210
ABR,2015,6,	10,681
ABR,2015,7,	9,637
ABR,2015,8,	5,666
ABR,2015,9,	6,593
ABY,2015,1,	16,2077
ABY,2015,11,	20,2815
ABY,2015,12,	25,2139
ABY,2015,2,	14,1441
ABY,2015,3,	21,2093
ABY,2015,4,	19,1820
ABY,2015,5,	18,1703
ABY,2015,6,	13,1397
ABY,2015,7,	21,2451
ABY,2015,8,	11,1380
ABY,2015,9,	14,1752
ACK,2015,5,	11,1970
ACK,2015,6,	24,3303
ACK,2015,7,	24,1654
ACK,2015,8,	21,2926
ACK,2015,9,	13,1392
ACT,2015,1,	42,4256
ACT,2015,11,	27,2691
ACT,2015,12,	19,2034
ACT,2015,2,	26,3621
ACT,2015,3,	60,5673
ACT,2015,4,	30,3614
ACT,2015,5,	42,6874
ACT,2015,6,	36,6689
ACT,2015,7,	34,4712
ACT,2015,8,	26,4181
ACT,2015,9,	17,1580
ACV,2015,1,	24,4243
ACV,2015,11,	23,1739
ACV,2015,12,	43,4647
ACV,2015,2,	26,3828
ACV,2015,3,	22,2905
ACV,2015,4,	19,1895
ACV,2015,5,	33,3417
ACV,2015,6,	28,3396
ACV,2015,7,	34,3853
ACV,2015,8,	35,4547
ACV,2015,9,	22,1845
ACY,2015,1,	66,7753
ACY,2015,11,	42,5150
ACY,2015,12,	55,6461
ACY,2015,2,	95,11667
ACY,2015,3,	76,6966
ACY,2015,4,	65,5370
ACY,2015,5,	111,15318
ACY,2015,6,	121,18551
ACY,2015,7,	91,11482
ACY,2015,8,	104,15085
ACY,2015,9,	61,5867
ADK,2015,11,	3,77
ADK,2015,12,	1,11
ADK,2015,2,	2,173
ADK,2015,3,	1,238
ADK,2015,5,	2,116
ADK,2015,6,	1,52
ADK,2015,8,	2,118
ADQ,2015,1,	4,343
ADQ,2015,11,	2,156
ADQ,2015,12,	3,153
ADQ,2015,2,	3,138
ADQ,2015,3,	4,180
ADQ,2015,4,	6,279
ADQ,2015,5,	7,321
ADQ,2015,6,	7,489
ADQ,2015,7,	3,157
ADQ,2015,8,	5,768
ADQ,2015,9,	2,92
AEX,2015,1,	54,4156
AEX,2015,11,	49,3887
AEX,2015,12,	53,7115
AEX,2015,2,	50,5304
AEX,2015,3,	64,6826
AEX,2015,4,	68,5946
AEX,2015,5,	61,7355
AEX,2015,6,	81,8351
AEX,2015,7,	73,6844
AEX,2015,8,	43,4704
AEX,2015,9,	38,3490
AGS,2015,1,	38,4119
AGS,2015,11,	37,4159
AGS,2015,12,	38,4844
AGS,2015,2,	44,6045
AGS,2015,3,	40,3551
AGS,2015,4,	43,3191
AGS,2015,5,	40,4664
AGS,2015,6,	51,7418
AGS,2015,7,	36,3503
AGS,2015,8,	38,3274
AGS,2015,9,	30,2295
AKN,2015,6,	7,379
AKN,2015,7,	2,100
AKN,2015,8,	1,47
ALB,2015,1,	123,13708
ALB,2015,11,	94,10468
ALB,2015,12,	148,14011
ALB,2015,2,	123,13762
ALB,2015,3,	159,16449
ALB,2015,4,	121,12422
ALB,2015,5,	117,14478
ALB,2015,6,	179,19984
ALB,2015,7,	187,23411
ALB,2015,8,	163,18456
ALB,2015,9,	108,11058
ALO,2015,1,	20,3320
ALO,2015,11,	8,1433
ALO,2015,12,	7,423
ALO,2015,2,	23,2887
ALO,2015,3,	12,1228
ALO,2015,4,	7,478
ALO,2015,5,	10,1044
ALO,2015,6,	10,1089
ALO,2015,7,	12,1502
ALO,2015,8,	9,1180
ALO,2015,9,	9,1214
AMA,2015,1,	129,12930
AMA,2015,11,	49,4481
AMA,2015,12,	41,2962
AMA,2015,2,	92,9066
AMA,2015,3,	93,8955
AMA,2015,4,	77,6526
AMA,2015,5,	81,7806
AMA,2015,6,	116,10937
AMA,2015,7,	81,9231
AMA,2015,8,	43,3674
AMA,2015,9,	24,1871
ANC,2015,1,	172,17783
ANC,2015,11,	244,22198
ANC,2015,12,	164,15595
ANC,2015,2,	142,16169
ANC,2015,3,	217,21400
ANC,2015,4,	124,11205
ANC,2015,5,	173,13586
ANC,2015,6,	366,34536
ANC,2015,7,	481,39421
ANC,2015,8,	503,36483
ANC,2015,9,	204,19447
APN,2015,1,	19,2833
APN,2015,11,	4,416
APN,2015,12,	9,1975
APN,2015,2,	14,1653
APN,2015,3,	7,902
APN,2015,4,	5,947
APN,2015,5,	4,425
APN,2015,6,	5,712
APN,2015,7,	6,1099
APN,2015,8,	4,358
APN,2015,9,	3,560
ASE,2015,1,	202,22592
ASE,2015,11,	11,1115
ASE,2015,12,	196,29134
ASE,2015,2,	200,19722
ASE,2015,3,	183,14851
ASE,2015,4,	25,2093
ASE,2015,5,	11,988
ASE,2015,6,	77,8713
ASE,2015,7,	63,6778
ASE,2015,8,	46,5165
ASE,2015,9,	15,1482
ATL,2015,1,	4331,491079
ATL,2015,11,	4060,437961
ATL,2015,12,	5473,846939
ATL,2015,2,	4662,619214
ATL,2015,3,	5181,581375
ATL,2015,4,	4355,491602
ATL,2015,5,	4446,642567
ATL,2015,6,	6031,839789
ATL,2015,7,	5258,658295
ATL,2015,8,	5145,648795
ATL,2015,9,	3134,361832
ATW,2015,1,	54,6064
ATW,2015,11,	33,2808
ATW,2015,12,	47,5402
ATW,2015,2,	66,7353
ATW,2015,3,	33,3737
ATW,2015,4,	21,2669
ATW,2015,5,	38,4541
ATW,2015,6,	45,4310
ATW,2015,7,	56,4668
ATW,2015,8,	51,5041
ATW,2015,9,	32,2253
AUS,2015,1,	760,76702
AUS,2015,11,	1017,158469
AUS,2015,12,	768,89173
AUS,2015,2,	685,72673
AUS,2015,3,	866,82540
AUS,2015,4,	738,74936
AUS,2015,5,	921,108936
AUS,2015,6,	954,109056
AUS,2015,7,	859,93889
AUS,2015,8,	733,86672
AUS,2015,9,	419,39443
AVL,2015,1,	39,4149
AVL,2015,11,	33,4879
AVL,2015,12,	43,8345
AVL,2015,2,	38,5031
AVL,2015,3,	43,5732
AVL,2015,4,	39,3757
AVL,2015,5,	32,4416
AVL,2015,6,	67,8227
AVL,2015,7,	69,7624
AVL,2015,8,	51,5568
AVL,2015,9,	35,2908
AVP,2015,1,	38,3062
AVP,2015,11,	24,4264
AVP,2015,12,	15,1331
AVP,2015,2,	32,2390
AVP,2015,3,	19,1814
AVP,2015,4,	26,1960
AVP,2015,5,	33,3406
AVP,2015,6,	30,3409
AVP,2015,7,	42,5710
AVP,2015,8,	36,3646
AVP,2015,9,	29,3166
AZO,2015,1,	60,7009
AZO,2015,11,	21,2523
AZO,2015,12,	19,2433
AZO,2015,2,	49,5500
AZO,2015,3,	37,3466
AZO,2015,4,	11,804
AZO,2015,5,	15,973
AZO,2015,6,	27,4629
AZO,2015,7,	14,1216
AZO,2015,8,	18,2161
AZO,2015,9,	23,2405
BDL,2015,1,	379,37033
BDL,2015,11,	244,26057
BDL,2015,12,	352,41080
BDL,2015,2,	357,41476
BDL,2015,3,	365,37551
BDL,2015,4,	285,34610
BDL,2015,5,	326,38446
BDL,2015,6,	460,60854
BDL,2015,7,	452,49597
BDL,2015,8,	378,48941
BDL,2015,9,	266,29459
BET,2015,1,	6,728
BET,2015,11,	21,2175
BET,2015,12,	11,560
BET,2015,2,	15,1591
BET,2015,3,	7,736
BET,2015,4,	3,353
BET,2015,5,	9,872
BET,2015,6,	8,1435
BET,2015,7,	14,1447
BET,2015,8,	12,806
BET,2015,9,	7,311
BFL,2015,1,	56,7713
BFL,2015,11,	34,2164
BFL,2015,12,	44,4786
BFL,2015,2,	42,4019
BFL,2015,3,	32,4740
BFL,2015,4,	43,5075
BFL,2015,5,	52,6075
BFL,2015,6,	63,7425
BFL,2015,7,	43,5362
BFL,2015,8,	50,6222
BFL,2015,9,	26,2351
BGM,2015,11,	2,278
BGM,2015,12,	11,1788
BGM,2015,2,	12,1683
BGM,2015,6,	4,317
BGM,2015,7,	6,497
BGM,2015,8,	3,317
BGR,2015,11,	4,324
BGR,2015,12,	6,918
BGR,2015,2,	11,659
BGR,2015,4,	1,26
BGR,2015,5,	10,1086
BGR,2015,6,	11,1896
BGR,2015,7,	2,231
BGR,2015,8,	6,514
BGR,2015,9,	3,260
BHM,2015,1,	271,24642
BHM,2015,11,	154,13527
BHM,2015,12,	224,22935
BHM,2015,2,	234,22354
BHM,2015,3,	247,24691
BHM,2015,4,	187,18509
BHM,2015,5,	205,22367
BHM,2015,6,	283,34903
BHM,2015,7,	254,27055
BHM,2015,8,	201,25099
BHM,2015,9,	127,11738
BIL,2015,1,	47,4382
BIL,2015,11,	29,3472
BIL,2015,12,	56,5745
BIL,2015,2,	45,3888
BIL,2015,3,	35,3926
BIL,2015,4,	29,3064
BIL,2015,5,	41,4752
BIL,2015,6,	45,5090
BIL,2015,7,	62,5221
BIL,2015,8,	34,4099
BIL,2015,9,	24,2213
BIS,2015,1,	98,10399
BIS,2015,11,	36,2963
BIS,2015,12,	52,5118
BIS,2015,2,	100,9145
BIS,2015,3,	56,4873
BIS,2015,4,	43,6054
BIS,2015,5,	36,4327
BIS,2015,6,	77,8143
BIS,2015,7,	65,6375
BIS,2015,8,	56,4425
BIS,2015,9,	33,3681
BJI,2015,1,	6,1015
BJI,2015,11,	5,1621
BJI,2015,12,	5,249
BJI,2015,2,	4,190
BJI,2015,3,	4,254
BJI,2015,4,	2,434
BJI,2015,5,	9,1594
BJI,2015,6,	6,692
BJI,2015,7,	5,608
BJI,2015,8,	8,1379
BJI,2015,9,	4,297
BLI,2015,1,	15,716
BLI,2015,11,	8,693
BLI,2015,12,	10,724
BLI,2015,2,	12,957
BLI,2015,3,	15,1493
BLI,2015,4,	4,569
BLI,2015,5,	7,301
BLI,2015,8,	4,332
BMI,2015,1,	78,8315
BMI,2015,11,	30,3429
BMI,2015,12,	37,4134
BMI,2015,2,	81,8907
BMI,2015,3,	64,7690
BMI,2015,4,	44,6581
BMI,2015,5,	39,5544
BMI,2015,6,	71,7315
BMI,2015,7,	50,4242
BMI,2015,8,	49,5495
BMI,2015,9,	38,4080
BNA,2015,1,	863,88075
BNA,2015,11,	587,59527
BNA,2015,12,	821,94090
BNA,2015,2,	668,70169
BNA,2015,3,	822,84845
BNA,2015,4,	697,66136
BNA,2015,5,	719,86276
BNA,2015,6,	1098,125294
BNA,2015,7,	1065,120850
BNA,2015,8,	736,84446
BNA,2015,9,	450,48300
BOI,2015,1,	239,23895
BOI,2015,11,	206,21026
BOI,2015,12,	304,31832
BOI,2015,2,	215,20589
BOI,2015,3,	138,12909
BOI,2015,4,	168,16862
BOI,2015,5,	165,17958
BOI,2015,6,	261,33690
BOI,2015,7,	279,32108
BOI,2015,8,	236,23226
BOI,2015,9,	154,16398
BOS,2015,1,	1970,192133
BOS,2015,11,	1370,141253
BOS,2015,12,	1826,240447
BOS,2015,2,	2739,329079
BOS,2015,3,	2232,260733
BOS,2015,4,	1895,189471
BOS,2015,5,	1878,225841
BOS,2015,6,	2488,307173
BOS,2015,7,	2356,278055
BOS,2015,8,	2399,290959
BOS,2015,9,	1622,167265
BPT,2015,1,	35,3287
BPT,2015,11,	21,2254
BPT,2015,12,	19,4015
BPT,2015,2,	25,2171
BPT,2015,3,	27,3265
BPT,2015,4,	28,2697
BPT,2015,5,	31,2093
BPT,2015,6,	28,2314
BPT,2015,7,	21,1857
BPT,2015,8,	22,2827
BPT,2015,9,	14,1782
BQK,2015,1,	9,1022
BQK,2015,11,	16,1633
BQK,2015,12,	18,2097
BQK,2015,2,	16,2352
BQK,2015,3,	18,1982
BQK,2015,4,	13,1371
BQK,2015,5,	9,1232
BQK,2015,6,	14,1353
BQK,2015,7,	16,1334
BQK,2015,8,	14,1523
BQK,2015,9,	16,2073
BQN,2015,1,	31,4021
BQN,2015,11,	30,2224
BQN,2015,12,	51,5317
BQN,2015,2,	28,2256
BQN,2015,3,	29,4019
BQN,2015,4,	30,3729
BQN,2015,5,	27,3786
BQN,2015,6,	51,5401
BQN,2015,7,	50,6102
BQN,2015,8,	42,4187
BQN,2015,9,	18,1348
BRD,2015,1,	4,785
BRD,2015,11,	5,289
BRD,2015,12,	1,108
BRD,2015,2,	5,680
BRD,2015,3,	8,768
BRD,2015,4,	2,267
BRD,2015,5,	3,332
BRD,2015,6,	4,281
BRD,2015,7,	3,145
BRD,2015,8,	4,214
BRD,2015,9,	6,3404
BRO,2015,1,	44,4442
BRO,2015,11,	24,1841
BRO,2015,12,	17,1831
BRO,2015,2,	31,2954
BRO,2015,3,	69,6310
BRO,2015,4,	34,4296
BRO,2015,5,	55,5887
BRO,2015,6,	64,8167
BRO,2015,7,	30,3919
BRO,2015,8,	28,3173
BRO,2015,9,	12,1189
BRW,2015,1,	17,2167
BRW,2015,11,	8,1259
BRW,2015,12,	5,851
BRW,2015,2,	15,864
BRW,2015,3,	12,1608
BRW,2015,4,	12,1399
BRW,2015,5,	10,764
BRW,2015,6,	13,1374
BRW,2015,7,	14,1093
BRW,2015,8,	9,503
BRW,2015,9,	9,529
BTM,2015,1,	5,107
BTM,2015,11,	5,468
BTM,2015,12,	14,2013
BTM,2015,3,	1,81
BTM,2015,4,	2,62
BTM,2015,5,	3,101
BTM,2015,6,	3,247
BTM,2015,7,	1,15
BTM,2015,8,	7,665
BTR,2015,1,	138,14688
BTR,2015,11,	100,12121
BTR,2015,12,	115,14739
BTR,2015,2,	142,14744
BTR,2015,3,	162,18527
BTR,2015,4,	159,18084
BTR,2015,5,	183,20467
BTR,2015,6,	189,23360
BTR,2015,7,	150,13654
BTR,2015,8,	125,15420
BTR,2015,9,	70,7617
BTV,2015,1,	58,7598
BTV,2015,11,	34,4558
BTV,2015,12,	79,11750
BTV,2015,2,	53,6715
BTV,2015,3,	60,7921
BTV,2015,4,	72,8482
BTV,2015,5,	50,5698
BTV,2015,6,	83,9894
BTV,2015,7,	75,8796
BTV,2015,8,	51,5591
BTV,2015,9,	61,7523
BUF,2015,1,	297,29949
BUF,2015,11,	179,17104
BUF,2015,12,	285,35085
BUF,2015,2,	344,34935
BUF,2015,3,	329,37440
BUF,2015,4,	285,33469
BUF,2015,5,	254,29568
BUF,2015,6,	406,50189
BUF,2015,7,	420,46971
BUF,2015,8,	333,42332
BUF,2015,9,	208,22275
BUR,2015,1,	271,26611
BUR,2015,11,	247,23546
BUR,2015,12,	354,35080
BUR,2015,2,	292,30347
BUR,2015,3,	250,22647
BUR,2015,4,	255,25858
BUR,2015,5,	294,31415
BUR,2015,6,	336,32676
BUR,2015,7,	317,35587
BUR,2015,8,	270,29419
BUR,2015,9,	159,15094
BWI,2015,1,	1266,120777
BWI,2015,11,	1044,96903
BWI,2015,12,	1453,161817
BWI,2015,2,	1152,119568
BWI,2015,3,	1271,124974
BWI,2015,4,	1059,115373
BWI,2015,5,	1229,142766
BWI,2015,6,	2094,258184
BWI,2015,7,	2063,230868
BWI,2015,8,	1562,193393
BWI,2015,9,	1213,127784
BZN,2015,1,	68,7050
BZN,2015,11,	25,3348
BZN,2015,12,	84,11910
BZN,2015,2,	60,5434
BZN,2015,3,	45,5072
BZN,2015,4,	24,3262
BZN,2015,5,	23,2364
BZN,2015,6,	61,7434
BZN,2015,7,	74,6912
BZN,2015,8,	91,8924
BZN,2015,9,	30,3815
CAE,2015,1,	113,12771
CAE,2015,11,	90,10880
CAE,2015,12,	98,13979
CAE,2015,2,	134,15004
CAE,2015,3,	113,13423
CAE,2015,4,	97,10078
CAE,2015,5,	97,13356
CAE,2015,6,	121,14068
CAE,2015,7,	95,12044
CAE,2015,8,	76,9899
CAE,2015,9,	65,5506
CAK,2015,1,	110,11555
CAK,2015,11,	68,9163
CAK,2015,12,	72,8925
CAK,2015,2,	100,11849
CAK,2015,3,	114,18393
CAK,2015,4,	74,6797
CAK,2015,5,	100,14735
CAK,2015,6,	155,19220
CAK,2015,7,	144,20831
CAK,2015,8,	113,13106
CAK,2015,9,	45,5047
CDC,2015,1,	7,586
CDC,2015,11,	6,235
CDC,2015,12,	20,1528
CDC,2015,2,	1,89
CDC,2015,3,	5,677
CDC,2015,4,	5,418
CDC,2015,5,	8,821
CDC,2015,6,	4,273
CDC,2015,7,	7,261
CDC,2015,8,	10,521
CDC,2015,9,	6,470
CDV,2015,1,	8,862
CDV,2015,11,	9,1174
CDV,2015,12,	6,387
CDV,2015,2,	7,638
CDV,2015,3,	13,1354
CDV,2015,4,	8,713
CDV,2015,5,	8,474
CDV,2015,6,	10,653
CDV,2015,7,	6,559
CDV,2015,8,	5,594
CDV,2015,9,	7,903
CEC,2015,1,	13,2516
CEC,2015,2,	12,1194
CEC,2015,3,	12,1306
CEC,2015,4,	2,95
CHA,2015,1,	54,5185
CHA,2015,11,	77,9491
CHA,2015,12,	71,9175
CHA,2015,2,	79,8931
CHA,2015,3,	84,6997
CHA,2015,4,	70,6072
CHA,2015,5,	73,9233
CHA,2015,6,	111,14165
CHA,2015,7,	66,6290
CHA,2015,8,	66,7241
CHA,2015,9,	64,5979
CHO,2015,1,	75,9387
CHO,2015,11,	37,5203
CHO,2015,12,	45,6894
CHO,2015,2,	74,8816
CHO,2015,3,	48,6177
CHO,2015,4,	31,3190
CHO,2015,5,	43,5340
CHO,2015,6,	40,5096
CHO,2015,7,	46,4327
CHO,2015,8,	46,7640
CHO,2015,9,	27,3831
CHS,2015,1,	192,19538
CHS,2015,11,	157,16535
CHS,2015,12,	195,19582
CHS,2015,2,	174,18946
CHS,2015,3,	192,20687
CHS,2015,4,	190,20838
CHS,2015,5,	185,18151
CHS,2015,6,	236,26909
CHS,2015,7,	241,24194
CHS,2015,8,	185,22176
CHS,2015,9,	145,14625
CID,2015,1,	235,25010
CID,2015,11,	72,8263
CID,2015,12,	104,10255
CID,2015,2,	217,26501
CID,2015,3,	136,17164
CID,2015,4,	108,13491
CID,2015,5,	116,12642
CID,2015,6,	166,19689
CID,2015,7,	132,13920
CID,2015,8,	111,12131
CID,2015,9,	58,6361
CIU,2015,1,	13,2359
CIU,2015,11,	8,857
CIU,2015,12,	9,697
CIU,2015,2,	15,1449
CIU,2015,3,	9,1162
CIU,2015,4,	7,1292
CIU,2015,5,	10,1167
CIU,2015,6,	6,504
CIU,2015,7,	8,1161
CIU,2015,8,	10,1499
CIU,2015,9,	5,519
CLD,2015,1,	27,1868
CLD,2015,2,	29,4202
CLD,2015,3,	33,3704
CLD,2015,4,	3,202
CLE,2015,1,	649,74230
CLE,2015,11,	412,47909
CLE,2015,12,	448,62194
CLE,2015,2,	739,86849
CLE,2015,3,	608,77103
CLE,2015,4,	508,59051
CLE,2015,5,	590,78855
CLE,2015,6,	853,118353
CLE,2015,7,	706,83612
CLE,2015,8,	650,82133
CLE,2015,9,	407,47089
CLL,2015,1,	58,4668
CLL,2015,11,	21,1238
CLL,2015,12,	17,1399
CLL,2015,2,	39,3563
CLL,2015,3,	44,3519
CLL,2015,4,	33,3568
CLL,2015,5,	34,4337
CLL,2015,6,	44,3695
CLL,2015,7,	20,1885
CLL,2015,8,	24,2312
CLL,2015,9,	17,1417
CLT,2015,1,	1500,120736
CLT,2015,11,	1044,100247
CLT,2015,12,	1667,153996
CLT,2015,2,	1503,153605
CLT,2015,3,	1548,132775
CLT,2015,4,	1376,117411
CLT,2015,5,	1137,105363
CLT,2015,6,	1632,163294
CLT,2015,7,	1579,160124
CLT,2015,8,	1479,166544
CLT,2015,9,	1186,106569
CMH,2015,1,	530,55399
CMH,2015,11,	282,31922
CMH,2015,12,	381,41803
CMH,2015,2,	468,48984
CMH,2015,3,	495,55046
CMH,2015,4,	348,36795
CMH,2015,5,	408,43895
CMH,2015,6,	599,68806
CMH,2015,7,	588,68154
CMH,2015,8,	429,47333
CMH,2015,9,	249,24165
CMI,2015,1,	84,10651
CMI,2015,11,	23,3570
CMI,2015,12,	28,3138
CMI,2015,2,	71,8488
CMI,2015,3,	43,4646
CMI,2015,4,	24,3028
CMI,2015,5,	27,2686
CMI,2015,6,	42,4771
CMI,2015,7,	23,3204
CMI,2015,8,	15,1556
CMI,2015,9,	19,1985
CMX,2015,1,	13,1112
CMX,2015,11,	10,1195
CMX,2015,12,	11,1182
CMX,2015,2,	18,1726
CMX,2015,3,	12,1252
CMX,2015,4,	10,825
CMX,2015,5,	3,297
CMX,2015,6,	18,3249
CMX,2015,7,	10,969
CMX,2015,8,	12,1036
CMX,2015,9,	9,864
CNY,2015,1,	1,28
CNY,2015,2,	2,297
CNY,2015,3,	2,143
CNY,2015,4,	2,112
COD,2015,1,	6,417
COD,2015,11,	3,68
COD,2015,12,	7,589
COD,2015,2,	15,1492
COD,2015,3,	3,370
COD,2015,4,	3,252
COD,2015,5,	11,774
COD,2015,6,	18,2368
COD,2015,7,	20,2114
COD,2015,8,	13,1567
COS,2015,1,	177,26126
COS,2015,11,	133,13521
COS,2015,12,	136,18105
COS,2015,2,	170,19666
COS,2015,3,	114,11661
COS,2015,4,	134,14402
COS,2015,5,	171,16304
COS,2015,6,	195,25902
COS,2015,7,	168,19332
COS,2015,8,	160,16635
COS,2015,9,	80,7809
COU,2015,1,	46,6323
COU,2015,11,	16,2854
COU,2015,12,	12,1429
COU,2015,2,	44,5426
COU,2015,3,	35,4006
COU,2015,4,	19,2189
COU,2015,5,	35,7083
COU,2015,6,	50,6179
COU,2015,7,	31,2957
COU,2015,8,	21,2075
COU,2015,9,	14,1608
CPR,2015,1,	33,3893
CPR,2015,11,	14,1186
CPR,2015,12,	19,1088
CPR,2015,2,	32,2638
CPR,2015,3,	19,1596
CPR,2015,4,	21,2075
CPR,2015,5,	11,1004
CPR,2015,6,	18,2102
CPR,2015,7,	37,3360
CPR,2015,8,	14,1248
CPR,2015,9,	8,823
CRP,2015,1,	141,12767
CRP,2015,11,	69,5847
CRP,2015,12,	67,6531
CRP,2015,2,	116,9769
CRP,2015,3,	158,14681
CRP,2015,4,	135,14591
CRP,2015,5,	158,19453
CRP,2015,6,	101,11819
CRP,2015,7,	59,5088
CRP,2015,8,	60,6558
CRP,2015,9,	25,2308
CRW,2015,1,	46,5400
CRW,2015,11,	32,3543
CRW,2015,12,	29,4102
CRW,2015,2,	41,6249
CRW,2015,3,	61,6338
CRW,2015,4,	46,4051
CRW,2015,5,	57,5958
CRW,2015,6,	56,6061
CRW,2015,7,	49,3765
CRW,2015,8,	38,5360
CRW,2015,9,	29,4101
CSG,2015,1,	24,3064
CSG,2015,11,	23,2045
CSG,2015,12,	17,2227
CSG,2015,2,	23,2241
CSG,2015,3,	27,2273
CSG,2015,4,	16,2012
CSG,2015,5,	17,1743
CSG,2015,6,	15,1680
CSG,2015,7,	23,2253
CSG,2015,8,	19,2305
CSG,2015,9,	20,2303
CVG,2015,1,	389,42415
CVG,2015,11,	233,25458
CVG,2015,12,	278,34536
CVG,2015,2,	451,52065
CVG,2015,3,	348,36595
CVG,2015,4,	292,31381
CVG,2015,5,	344,38840
CVG,2015,6,	487,59633
CVG,2015,7,	442,53031
CVG,2015,8,	368,34680
CVG,2015,9,	266,27514
CWA,2015,1,	44,6562
CWA,2015,11,	27,2642
CWA,2015,12,	21,1847
CWA,2015,2,	49,6175
CWA,2015,3,	21,2937
CWA,2015,4,	18,2216
CWA,2015,5,	13,2088
CWA,2015,6,	35,4042
CWA,2015,7,	23,2294
CWA,2015,8,	23,2127
CWA,2015,9,	23,2710
DAB,2015,1,	9,743
DAB,2015,11,	5,313
DAB,2015,12,	25,3732
DAB,2015,2,	23,2865
DAB,2015,3,	17,1467
DAB,2015,4,	23,2009
DAB,2015,5,	21,2436
DAB,2015,6,	29,3455
DAB,2015,7,	29,2778
DAB,2015,8,	23,2500
DAB,2015,9,	12,846
DAL,2015,1,	859,78155
DAL,2015,11,	944,85031
DAL,2015,12,	1191,128222
DAL,2015,2,	793,75010
DAL,2015,3,	820,79391
DAL,2015,4,	940,91317
DAL,2015,5,	1423,164971
DAL,2015,6,	1215,137680
DAL,2015,7,	1180,121737
DAL,2015,8,	872,99182
DAL,2015,9,	483,47720
DAY,2015,1,	218,20813
DAY,2015,11,	104,10218
DAY,2015,12,	134,16666
DAY,2015,2,	174,19463
DAY,2015,3,	162,17030
DAY,2015,4,	106,11830
DAY,2015,5,	117,13845
DAY,2015,6,	201,23246
DAY,2015,7,	192,26043
DAY,2015,8,	142,15304
DAY,2015,9,	95,10710
DBQ,2015,1,	25,3220
DBQ,2015,11,	8,1589
DBQ,2015,12,	11,1081
DBQ,2015,2,	38,4312
DBQ,2015,3,	17,1474
DBQ,2015,4,	14,1248
DBQ,2015,5,	9,581
DBQ,2015,6,	19,1796
DBQ,2015,7,	12,1513
DBQ,2015,8,	10,853
DBQ,2015,9,	9,1030
DCA,2015,1,	1221,117749
DCA,2015,11,	928,88034
DCA,2015,12,	1345,149345
DCA,2015,2,	1365,137322
DCA,2015,3,	1340,132496
DCA,2015,4,	1036,95804
DCA,2015,5,	1310,134706
DCA,2015,6,	1547,190196
DCA,2015,7,	1422,150245
DCA,2015,8,	1248,150847
DCA,2015,9,	991,104800
DEN,2015,1,	3885,443371
DEN,2015,11,	3076,357587
DEN,2015,12,	3610,512866
DEN,2015,2,	3742,417906
DEN,2015,3,	3156,363702
DEN,2015,4,	3024,330985
DEN,2015,5,	3480,372722
DEN,2015,6,	4773,626784
DEN,2015,7,	4171,504208
DEN,2015,8,	3304,388625
DEN,2015,9,	1802,215765
DFW,2015,1,	5293,631933
DFW,2015,11,	3019,409014
DFW,2015,12,	3184,473202
DFW,2015,2,	4092,509591
DFW,2015,3,	4866,581974
DFW,2015,4,	4816,606091
DFW,2015,5,	4997,689653
DFW,2015,6,	4961,714706
DFW,2015,7,	3633,467614
DFW,2015,8,	3392,473632
DFW,2015,9,	1909,276757
DHN,2015,1,	25,3556
DHN,2015,11,	25,2150
DHN,2015,12,	31,3872
DHN,2015,2,	16,1510
DHN,2015,3,	25,2071
DHN,2015,4,	31,2416
DHN,2015,5,	15,1477
DHN,2015,6,	22,2835
DHN,2015,7,	23,1929
DHN,2015,8,	17,1832
DHN,2015,9,	14,1225
DIK,2015,1,	29,2432
DIK,2015,11,	2,179
DIK,2015,2,	21,2484
DIK,2015,3,	15,1409
DIK,2015,4,	20,2005
DIK,2015,5,	10,1800
DIK,2015,6,	9,588
DIK,2015,7,	2,91
DIK,2015,8,	1,57
DIK,2015,9,	1,12
DLG,2015,6,	2,206
DLG,2015,7,	2,184
DLH,2015,1,	32,3584
DLH,2015,11,	36,4582
DLH,2015,12,	32,3587
DLH,2015,2,	34,3588
DLH,2015,3,	11,1092
DLH,2015,4,	12,1723
DLH,2015,5,	9,1271
DLH,2015,6,	31,3121
DLH,2015,7,	22,2906
DLH,2015,8,	33,4092
DLH,2015,9,	34,3923
DRO,2015,1,	35,3842
DRO,2015,11,	15,1077
DRO,2015,12,	31,3001
DRO,2015,2,	38,4578
DRO,2015,3,	32,2583
DRO,2015,4,	31,3867
DRO,2015,5,	24,3389
DRO,2015,6,	47,3823
DRO,2015,7,	28,2293
DRO,2015,8,	32,2834
DRO,2015,9,	12,946
DSM,2015,1,	242,27571
DSM,2015,11,	122,13883
DSM,2015,12,	138,13798
DSM,2015,2,	232,24550
DSM,2015,3,	187,21987
DSM,2015,4,	111,11858
DSM,2015,5,	133,16470
DSM,2015,6,	234,28638
DSM,2015,7,	177,20843
DSM,2015,8,	151,17349
DSM,2015,9,	84,9117
DTW,2015,1,	1704,201277
DTW,2015,11,	1111,135583
DTW,2015,12,	1439,196054
DTW,2015,2,	2039,261704
DTW,2015,3,	1738,204730
DTW,2015,4,	1387,169266
DTW,2015,5,	1584,211544
DTW,2015,6,	2297,288615
DTW,2015,7,	1763,212344
DTW,2015,8,	1571,204161
DTW,2015,9,	1168,141625
DVL,2015,1,	17,2231
DVL,2015,11,	9,1477
DVL,2015,12,	7,633
DVL,2015,2,	10,971
DVL,2015,3,	10,1109
DVL,2015,4,	3,866
DVL,2015,5,	4,436
DVL,2015,6,	7,1004
DVL,2015,7,	7,339
DVL,2015,8,	6,421
DVL,2015,9,	4,177
EAU,2015,1,	18,3125
EAU,2015,11,	12,1474
EAU,2015,12,	10,738
EAU,2015,2,	14,1451
EAU,2015,3,	11,1319
EAU,2015,4,	7,637
EAU,2015,5,	8,584
EAU,2015,6,	11,1459
EAU,2015,7,	16,1687
EAU,2015,8,	20,2906
EAU,2015,9,	9,582
ECP,2015,1,	44,5515
ECP,2015,11,	36,2427
ECP,2015,12,	46,5216
ECP,2015,2,	41,4210
ECP,2015,3,	68,5718
ECP,2015,4,	52,5086
ECP,2015,5,	78,8345
ECP,2015,6,	98,12155
ECP,2015,7,	92,9950
ECP,2015,8,	77,9150
ECP,2015,9,	31,3210
EGE,2015,1,	64,8838
EGE,2015,12,	56,7744
EGE,2015,2,	52,9118
EGE,2015,3,	57,7778
EGE,2015,4,	10,1236
EGE,2015,6,	11,1640
EGE,2015,7,	8,1434
EGE,2015,8,	5,608
EGE,2015,9,	5,909
EKO,2015,1,	6,553
EKO,2015,11,	4,1219
EKO,2015,12,	9,1228
EKO,2015,2,	1,29
EKO,2015,3,	1,71
EKO,2015,4,	10,857
EKO,2015,5,	7,742
EKO,2015,6,	1,127
EKO,2015,7,	3,171
EKO,2015,8,	1,61
EKO,2015,9,	1,21
ELM,2015,1,	56,5809
ELM,2015,11,	23,1919
ELM,2015,12,	22,1994
ELM,2015,2,	70,7545
ELM,2015,3,	30,3574
ELM,2015,4,	33,4341
ELM,2015,5,	32,3452
ELM,2015,6,	39,3846
ELM,2015,7,	46,5811
ELM,2015,8,	24,2389
ELM,2015,9,	40,3689
ELP,2015,1,	252,24031
ELP,2015,11,	203,19386
ELP,2015,12,	224,26076
ELP,2015,2,	208,17479
ELP,2015,3,	203,20409
ELP,2015,4,	265,26170
ELP,2015,5,	332,37368
ELP,2015,6,	314,30403
ELP,2015,7,	283,30077
ELP,2015,8,	211,23890
ELP,2015,9,	107,9481
ERI,2015,1,	29,3799
ERI,2015,11,	9,977
ERI,2015,12,	7,798
ERI,2015,2,	17,2171
ERI,2015,3,	5,651
ERI,2015,4,	3,241
ERI,2015,5,	6,396
ERI,2015,6,	15,1659
ERI,2015,7,	14,1628
ERI,2015,8,	18,2141
ERI,2015,9,	12,635
ESC,2015,1,	16,1857
ESC,2015,11,	5,312
ESC,2015,12,	6,847
ESC,2015,2,	9,1054
ESC,2015,3,	10,2153
ESC,2015,4,	4,787
ESC,2015,5,	3,399
ESC,2015,6,	5,894
ESC,2015,7,	3,331
ESC,2015,8,	8,1026
ESC,2015,9,	6,844
EUG,2015,1,	79,9222
EUG,2015,11,	50,4155
EUG,2015,12,	97,11534
EUG,2015,2,	60,6111
EUG,2015,3,	45,5133
EUG,2015,4,	58,6408
EUG,2015,5,	68,7661
EUG,2015,6,	59,6946
EUG,2015,7,	55,7476
EUG,2015,8,	61,6484
EUG,2015,9,	33,3778
EVV,2015,1,	91,10233
EVV,2015,11,	48,5434
EVV,2015,12,	44,5694
EVV,2015,2,	82,8944
EVV,2015,3,	57,6119
EVV,2015,4,	46,4743
EVV,2015,5,	44,5747
EVV,2015,6,	93,10577
EVV,2015,7,	68,7513
EVV,2015,8,	45,5515
EVV,2015,9,	42,4798
EWN,2015,1,	9,892
EWN,2015,11,	13,1040
EWN,2015,12,	11,1004
EWN,2015,2,	9,747
EWN,2015,3,	11,593
EWN,2015,4,	9,816
EWN,2015,5,	17,1144
EWN,2015,6,	11,911
EWN,2015,7,	16,1697
EWN,2015,8,	15,2019
EWN,2015,9,	11,1305
EWR,2015,1,	1865,217057
EWR,2015,11,	1959,259293
EWR,2015,12,	2442,346743
EWR,2015,2,	1787,194885
EWR,2015,3,	2036,257492
EWR,2015,4,	1582,190447
EWR,2015,5,	1573,227032
EWR,2015,6,	2820,417137
EWR,2015,7,	2650,377492
EWR,2015,8,	1995,267122
EWR,2015,9,	1342,149458
EYW,2015,1,	27,4337
EYW,2015,11,	28,4078
EYW,2015,12,	36,6859
EYW,2015,2,	33,4043
EYW,2015,3,	25,2390
EYW,2015,4,	30,3101
EYW,2015,5,	15,1984
EYW,2015,6,	27,7769
EYW,2015,7,	30,3919
EYW,2015,8,	29,3053
EYW,2015,9,	13,1686
FAI,2015,1,	21,2303
FAI,2015,11,	22,1420
FAI,2015,12,	22,1300
FAI,2015,2,	21,2101
FAI,2015,3,	31,3456
FAI,2015,4,	19,1983
FAI,2015,5,	26,1741
FAI,2015,6,	60,6294
FAI,2015,7,	73,5394
FAI,2015,8,	70,4635
FAI,2015,9,	19,1084
FAR,2015,1,	154,15540
FAR,2015,11,	86,13194
FAR,2015,12,	89,10119
FAR,2015,2,	134,13305
FAR,2015,3,	83,8735
FAR,2015,4,	66,7826
FAR,2015,5,	74,7719
FAR,2015,6,	128,14926
FAR,2015,7,	109,13025
FAR,2015,8,	94,10330
FAR,2015,9,	65,8060
FAT,2015,1,	169,18142
FAT,2015,11,	84,9432
FAT,2015,12,	123,15173
FAT,2015,2,	120,13091
FAT,2015,3,	135,13788
FAT,2015,4,	113,13071
FAT,2015,5,	108,11479
FAT,2015,6,	122,15955
FAT,2015,7,	158,18258
FAT,2015,8,	158,16720
FAT,2015,9,	97,13671
FAY,2015,1,	21,2784
FAY,2015,11,	18,1407
FAY,2015,12,	27,4456
FAY,2015,2,	24,3260
FAY,2015,3,	25,2513
FAY,2015,4,	27,2928
FAY,2015,5,	25,3294
FAY,2015,6,	23,2152
FAY,2015,7,	30,2423
FAY,2015,8,	27,3574
FAY,2015,9,	16,1773
FCA,2015,1,	32,2435
FCA,2015,11,	17,1411
FCA,2015,12,	37,3707
FCA,2015,2,	24,2739
FCA,2015,3,	19,1394
FCA,2015,4,	12,1272
FCA,2015,5,	13,951
FCA,2015,6,	30,3274
FCA,2015,7,	47,3951
FCA,2015,8,	46,4261
FCA,2015,9,	31,3412
FLG,2015,1,	29,2936
FLG,2015,11,	22,2426
FLG,2015,12,	16,1808
FLG,2015,2,	21,1715
FLG,2015,3,	23,1194
FLG,2015,4,	17,1681
FLG,2015,5,	15,1872
FLG,2015,6,	31,3773
FLG,2015,7,	30,4757
FLG,2015,8,	37,4235
FLG,2015,9,	15,1311
FLL,2015,1,	1414,132900
FLL,2015,11,	963,92533
FLL,2015,12,	1977,224969
FLL,2015,2,	1706,188705
FLL,2015,3,	1645,184343
FLL,2015,4,	1156,129927
FLL,2015,5,	1120,136941
FLL,2015,6,	1556,194649
FLL,2015,7,	1477,171515
FLL,2015,8,	1532,175093
FLL,2015,9,	1074,101080
FNT,2015,1,	93,10320
FNT,2015,11,	47,4345
FNT,2015,12,	63,7618
FNT,2015,2,	94,10561
FNT,2015,3,	69,7762
FNT,2015,4,	55,6395
FNT,2015,5,	70,9840
FNT,2015,6,	105,13372
FNT,2015,7,	104,10823
FNT,2015,8,	101,12280
FNT,2015,9,	47,4517
FSD,2015,1,	187,20316
FSD,2015,11,	98,10765
FSD,2015,12,	75,6894
FSD,2015,2,	184,19929
FSD,2015,3,	117,11582
FSD,2015,4,	81,9374
FSD,2015,5,	70,7911
FSD,2015,6,	131,15741
FSD,2015,7,	100,9324
FSD,2015,8,	98,12196
FSD,2015,9,	68,6520
FSM,2015,1,	45,5134
FSM,2015,11,	37,3467
FSM,2015,12,	35,6267
FSM,2015,2,	44,4849
FSM,2015,3,	55,4500
FSM,2015,4,	45,5978
FSM,2015,5,	50,5096
FSM,2015,6,	51,5819
FSM,2015,7,	41,4720
FSM,2015,8,	34,3407
FSM,2015,9,	21,1773
FWA,2015,1,	94,9088
FWA,2015,11,	76,10541
FWA,2015,12,	76,11413
FWA,2015,2,	114,14379
FWA,2015,3,	97,9805
FWA,2015,4,	87,8936
FWA,2015,5,	86,10133
FWA,2015,6,	110,12422
FWA,2015,7,	89,10275
FWA,2015,8,	91,9526
FWA,2015,9,	69,6287
GCC,2015,1,	24,2273
GCC,2015,11,	15,1286
GCC,2015,12,	15,1432
GCC,2015,2,	13,1151
GCC,2015,3,	7,925
GCC,2015,4,	11,1729
GCC,2015,5,	10,1018
GCC,2015,6,	13,1507
GCC,2015,7,	8,749
GCC,2015,8,	7,587
GCC,2015,9,	5,543
GCK,2015,1,	14,1375
GCK,2015,11,	9,780
GCK,2015,12,	2,166
GCK,2015,2,	13,1448
GCK,2015,3,	18,1257
GCK,2015,4,	14,1438
GCK,2015,5,	22,2640
GCK,2015,6,	15,1460
GCK,2015,7,	6,512
GCK,2015,8,	5,378
GCK,2015,9,	5,323
GEG,2015,1,	174,18151
GEG,2015,11,	152,13239
GEG,2015,12,	208,20927
GEG,2015,2,	133,13060
GEG,2015,3,	122,12175
GEG,2015,4,	118,12337
GEG,2015,5,	86,9089
GEG,2015,6,	179,19371
GEG,2015,7,	191,21129
GEG,2015,8,	174,16097
GEG,2015,9,	78,7927
GFK,2015,1,	9,1949
GFK,2015,11,	21,2199
GFK,2015,12,	16,1222
GFK,2015,2,	11,687
GFK,2015,4,	5,383
GFK,2015,5,	3,312
GFK,2015,6,	7,1104
GFK,2015,7,	2,111
GFK,2015,8,	8,570
GFK,2015,9,	10,885
GGG,2015,1,	12,932
GGG,2015,11,	2,66
GGG,2015,12,	10,1080
GGG,2015,2,	7,502
GGG,2015,3,	17,1821
GGG,2015,4,	9,1246
GGG,2015,5,	11,1177
GGG,2015,6,	15,1290
GGG,2015,7,	6,335
GGG,2015,8,	12,845
GGG,2015,9,	5,478
GJT,2015,1,	46,5521
GJT,2015,11,	19,2097
GJT,2015,12,	52,5236
GJT,2015,2,	40,4302
GJT,2015,3,	40,2854
GJT,2015,4,	48,4551
GJT,2015,5,	56,6982
GJT,2015,6,	63,6040
GJT,2015,7,	33,2263
GJT,2015,8,	35,4429
GJT,2015,9,	28,2596
GNV,2015,1,	36,3990
GNV,2015,11,	28,2253
GNV,2015,12,	40,4895
GNV,2015,2,	39,4817
GNV,2015,3,	66,6131
GNV,2015,4,	63,5476
GNV,2015,5,	39,5478
GNV,2015,6,	69,7521
GNV,2015,7,	65,6496
GNV,2015,8,	75,8772
GNV,2015,9,	39,3593
GPT,2015,1,	66,6310
GPT,2015,11,	36,3509
GPT,2015,12,	28,4054
GPT,2015,2,	58,6025
GPT,2015,3,	65,5756
GPT,2015,4,	59,5427
GPT,2015,5,	74,8025
GPT,2015,6,	90,10845
GPT,2015,7,	61,4903
GPT,2015,8,	61,6499
GPT,2015,9,	41,2647
GRB,2015,1,	107,10611
GRB,2015,11,	46,6408
GRB,2015,12,	60,7140
GRB,2015,2,	123,15268
GRB,2015,3,	76,9842
GRB,2015,4,	45,5971
GRB,2015,5,	42,4845
GRB,2015,6,	89,11513
GRB,2015,7,	84,9582
GRB,2015,8,	84,8407
GRB,2015,9,	73,7552
GRI,2015,1,	12,1063
GRI,2015,11,	4,1296
GRI,2015,12,	3,374
GRI,2015,2,	17,2204
GRI,2015,3,	10,850
GRI,2015,4,	9,1962
GRI,2015,5,	8,832
GRI,2015,6,	10,891
GRI,2015,7,	7,762
GRI,2015,8,	9,725
GRI,2015,9,	4,327
GRK,2015,1,	105,8820
GRK,2015,11,	50,5221
GRK,2015,12,	51,6155
GRK,2015,2,	83,8902
GRK,2015,3,	91,8801
GRK,2015,4,	73,6616
GRK,2015,5,	83,10832
GRK,2015,6,	89,10806
GRK,2015,7,	54,8412
GRK,2015,8,	58,8074
GRK,2015,9,	32,2934
GRR,2015,1,	266,28148
GRR,2015,11,	127,17483
GRR,2015,12,	160,18450
GRR,2015,2,	255,26823
GRR,2015,3,	221,25071
GRR,2015,4,	184,18642
GRR,2015,5,	186,21484
GRR,2015,6,	204,24334
GRR,2015,7,	183,20418
GRR,2015,8,	174,21455
GRR,2015,9,	129,12528
GSO,2015,1,	166,16578
GSO,2015,11,	69,7229
GSO,2015,12,	89,10831
GSO,2015,2,	189,22011
GSO,2015,3,	162,19730
GSO,2015,4,	121,13860
GSO,2015,5,	131,15393
GSO,2015,6,	117,14804
GSO,2015,7,	108,15866
GSO,2015,8,	104,15298
GSO,2015,9,	87,8917
GSP,2015,1,	131,14140
GSP,2015,11,	97,8137
GSP,2015,12,	106,9791
GSP,2015,2,	99,9986
GSP,2015,3,	122,10733
GSP,2015,4,	103,9310
GSP,2015,5,	126,13353
GSP,2015,6,	157,18278
GSP,2015,7,	117,10844
GSP,2015,8,	115,11597
GSP,2015,9,	71,6741
GST,2015,6,	7,494
GST,2015,7,	6,967
GST,2015,8,	6,349
GTF,2015,1,	28,3823
GTF,2015,11,	22,2046
GTF,2015,12,	31,2727
GTF,2015,2,	21,1832
GTF,2015,3,	17,1134
GTF,2015,4,	19,1766
GTF,2015,5,	11,983
GTF,2015,6,	29,3430
GTF,2015,7,	18,1541
GTF,2015,8,	33,2822
GTF,2015,9,	13,921
GTR,2015,1,	11,1692
GTR,2015,11,	12,1737
GTR,2015,12,	10,1383
GTR,2015,2,	16,2041
GTR,2015,3,	16,1275
GTR,2015,4,	12,928
GTR,2015,5,	10,820
GTR,2015,6,	21,1882
GTR,2015,7,	19,2547
GTR,2015,8,	18,2772
GTR,2015,9,	12,1184
GUC,2015,1,	28,2359
GUC,2015,11,	1,316
GUC,2015,12,	13,1495
GUC,2015,2,	18,1768
GUC,2015,3,	15,1340
GUC,2015,4,	4,174
GUC,2015,6,	10,1363
GUC,2015,7,	24,2895
GUC,2015,8,	12,1109
GUC,2015,9,	6,463
GUM,2015,1,	12,1119
GUM,2015,11,	9,4028
GUM,2015,12,	3,1571
GUM,2015,2,	11,553
GUM,2015,3,	16,1419
GUM,2015,4,	9,699
GUM,2015,5,	6,616
GUM,2015,6,	6,493
GUM,2015,7,	18,1372
GUM,2015,8,	11,906
GUM,2015,9,	2,149
HDN,2015,1,	41,3844
HDN,2015,12,	39,5447
HDN,2015,2,	30,2983
HDN,2015,3,	26,3505
HDN,2015,4,	1,225
HDN,2015,6,	2,501
HDN,2015,7,	6,441
HDN,2015,8,	7,715
HDN,2015,9,	2,56
HIB,2015,1,	16,774
HIB,2015,11,	8,1601
HIB,2015,12,	9,760
HIB,2015,2,	13,2465
HIB,2015,3,	7,309
HIB,2015,4,	6,402
HIB,2015,5,	7,542
HIB,2015,6,	9,1693
HIB,2015,7,	6,609
HIB,2015,8,	3,355
HIB,2015,9,	7,541
HLN,2015,1,	14,1431
HLN,2015,11,	21,2285
HLN,2015,12,	23,1637
HLN,2015,2,	18,1729
HLN,2015,3,	9,933
HLN,2015,4,	7,1643
HLN,2015,5,	12,1206
HLN,2015,6,	21,2474
HLN,2015,7,	18,2235
HLN,2015,8,	11,676
HLN,2015,9,	13,1288
HNL,2015,1,	754,62322
HNL,2015,11,	324,33836
HNL,2015,12,	417,45983
HNL,2015,2,	878,73302
HNL,2015,3,	769,68878
HNL,2015,4,	454,42409
HNL,2015,5,	584,54098
HNL,2015,6,	652,76519
HNL,2015,7,	665,60511
HNL,2015,8,	939,84462
HNL,2015,9,	621,48430
HOB,2015,1,	9,555
HOB,2015,11,	7,392
HOB,2015,12,	4,525
HOB,2015,2,	9,842
HOB,2015,3,	8,819
HOB,2015,4,	9,660
HOB,2015,5,	12,831
HOB,2015,6,	13,2052
HOB,2015,7,	4,478
HOB,2015,8,	10,1615
HOB,2015,9,	2,104
HOU,2015,1,	839,78453
HOU,2015,11,	675,64702
HOU,2015,12,	968,106311
HOU,2015,2,	701,65611
HOU,2015,3,	843,85372
HOU,2015,4,	946,91595
HOU,2015,5,	1190,136449
HOU,2015,6,	1127,128101
HOU,2015,7,	1012,121158
HOU,2015,8,	876,104874
HOU,2015,9,	404,39346
HPN,2015,1,	159,20130
HPN,2015,11,	139,15290
HPN,2015,12,	151,21490
HPN,2015,2,	244,29708
HPN,2015,3,	148,19531
HPN,2015,4,	115,10116
HPN,2015,5,	127,14139
HPN,2015,6,	158,20540
HPN,2015,7,	179,19752
HPN,2015,8,	147,21154
HPN,2015,9,	159,16972
HRL,2015,1,	42,3235
HRL,2015,11,	50,4436
HRL,2015,12,	49,3901
HRL,2015,2,	35,2347
HRL,2015,3,	49,4284
HRL,2015,4,	48,5733
HRL,2015,5,	85,9416
HRL,2015,6,	59,5664
HRL,2015,7,	38,4138
HRL,2015,8,	47,5358
HRL,2015,9,	21,1368
HSV,2015,1,	84,9613
HSV,2015,11,	50,6768
HSV,2015,12,	59,6281
HSV,2015,2,	83,7147
HSV,2015,3,	80,7358
HSV,2015,4,	64,6229
HSV,2015,5,	88,11691
HSV,2015,6,	117,14238
HSV,2015,7,	51,6426
HSV,2015,8,	72,8082
HSV,2015,9,	34,3267
HYA,2015,6,	1,114
HYA,2015,7,	4,518
HYA,2015,8,	6,691
HYA,2015,9,	1,23
HYS,2015,1,	17,1458
HYS,2015,11,	12,829
HYS,2015,12,	9,613
HYS,2015,2,	14,1767
HYS,2015,3,	10,739
HYS,2015,4,	2,246
HYS,2015,5,	5,428
HYS,2015,6,	5,674
HYS,2015,7,	8,993
HYS,2015,8,	4,495
HYS,2015,9,	3,193
IAD,2015,1,	855,103998
IAD,2015,11,	320,41624
IAD,2015,12,	443,64673
IAD,2015,2,	656,78044
IAD,2015,3,	548,65517
IAD,2015,4,	437,51426
IAD,2015,5,	548,68046
IAD,2015,6,	893,110349
IAD,2015,7,	669,81362
IAD,2015,8,	576,76600
IAD,2015,9,	397,40993
IAG,2015,1,	13,638
IAG,2015,11,	2,565
IAG,2015,12,	6,951
IAG,2015,2,	8,488
IAG,2015,3,	10,1333
IAG,2015,4,	7,656
IAG,2015,5,	3,149
IAG,2015,6,	8,1609
IAG,2015,7,	4,752
IAG,2015,8,	10,1245
IAG,2015,9,	6,407
IAH,2015,1,	2684,275701
IAH,2015,11,	1990,245169
IAH,2015,12,	2384,311344
IAH,2015,2,	2270,239344
IAH,2015,3,	2633,277743
IAH,2015,4,	2814,302303
IAH,2015,5,	3781,473855
IAH,2015,6,	3504,496232
IAH,2015,7,	2371,311874
IAH,2015,8,	2254,298129
IAH,2015,9,	1310,157604
ICT,2015,1,	181,20014
ICT,2015,11,	129,12118
ICT,2015,12,	138,13593
ICT,2015,2,	173,18764
ICT,2015,3,	128,11664
ICT,2015,4,	143,13635
ICT,2015,5,	166,16061
ICT,2015,6,	235,25380
ICT,2015,7,	155,16110
ICT,2015,8,	153,18825
ICT,2015,9,	100,9518
IDA,2015,1,	52,6247
IDA,2015,11,	21,2088
IDA,2015,12,	41,2977
IDA,2015,2,	29,2350
IDA,2015,3,	16,1247
IDA,2015,4,	29,2939
IDA,2015,5,	17,1540
IDA,2015,6,	32,2646
IDA,2015,7,	32,2570
IDA,2015,8,	33,2956
IDA,2015,9,	17,1780
ILG,2015,1,	5,778
ILG,2015,2,	5,885
ILG,2015,3,	11,1581
ILG,2015,4,	9,1382
ILM,2015,1,	21,2109
ILM,2015,11,	36,2805
ILM,2015,12,	30,3864
ILM,2015,2,	14,1216
ILM,2015,3,	20,3925
ILM,2015,4,	18,1966
ILM,2015,5,	21,2114
ILM,2015,6,	42,4611
ILM,2015,7,	35,3882
ILM,2015,8,	34,3498
ILM,2015,9,	23,2565
IMT,2015,1,	11,1866
IMT,2015,11,	6,985
IMT,2015,12,	7,724
IMT,2015,2,	6,440
IMT,2015,3,	5,667
IMT,2015,4,	6,431
IMT,2015,5,	5,378
IMT,2015,6,	8,944
IMT,2015,7,	7,487
IMT,2015,8,	4,382
IMT,2015,9,	2,134
IND,2015,1,	458,45436
IND,2015,11,	349,40475
IND,2015,12,	472,53288
IND,2015,2,	427,44996
IND,2015,3,	466,51037
IND,2015,4,	409,42725
IND,2015,5,	428,52231
IND,2015,6,	565,67799
IND,2015,7,	549,67006
IND,2015,8,	415,49836
IND,2015,9,	229,25686
INL,2015,1,	8,583
INL,2015,11,	6,556
INL,2015,12,	12,1141
INL,2015,2,	9,1278
INL,2015,3,	4,698
INL,2015,4,	4,237
INL,2015,5,	4,680
INL,2015,6,	5,474
INL,2015,7,	8,1181
INL,2015,8,	5,755
INL,2015,9,	7,517
ISN,2015,1,	72,6988
ISN,2015,11,	29,3164
ISN,2015,12,	26,2323
ISN,2015,2,	49,5228
ISN,2015,3,	36,3166
ISN,2015,4,	32,3250
ISN,2015,5,	19,1869
ISN,2015,6,	39,4805
ISN,2015,7,	41,4229
ISN,2015,8,	30,2839
ISN,2015,9,	19,1937
ISP,2015,1,	71,7529
ISP,2015,11,	64,7060
ISP,2015,12,	89,10870
ISP,2015,2,	83,8506
ISP,2015,3,	95,11484
ISP,2015,4,	66,8014
ISP,2015,5,	79,8426
ISP,2015,6,	98,12640
ISP,2015,7,	115,16766
ISP,2015,8,	118,14023
ISP,2015,9,	76,9657
ITH,2015,12,	5,544
ITH,2015,2,	2,91
ITO,2015,1,	74,5490
ITO,2015,11,	27,1942
ITO,2015,12,	28,1440
ITO,2015,2,	66,3734
ITO,2015,3,	37,1884
ITO,2015,4,	23,1619
ITO,2015,5,	28,2224
ITO,2015,6,	30,2211
ITO,2015,7,	48,3296
ITO,2015,8,	96,7687
ITO,2015,9,	55,4519
JAC,2015,1,	95,13887
JAC,2015,11,	23,1907
JAC,2015,12,	92,17470
JAC,2015,2,	80,8195
JAC,2015,3,	48,4558
JAC,2015,4,	19,1882
JAC,2015,5,	28,2292
JAC,2015,6,	79,12916
JAC,2015,7,	98,13505
JAC,2015,8,	97,9512
JAC,2015,9,	40,4684
JAN,2015,1,	137,12753
JAN,2015,11,	104,9867
JAN,2015,12,	100,13140
JAN,2015,2,	121,12781
JAN,2015,3,	132,12263
JAN,2015,4,	121,13141
JAN,2015,5,	155,17849
JAN,2015,6,	160,17875
JAN,2015,7,	109,11796
JAN,2015,8,	107,10948
JAN,2015,9,	59,5017
JAX,2015,1,	304,30685
JAX,2015,11,	248,24314
JAX,2015,12,	370,39874
JAX,2015,2,	323,33045
JAX,2015,3,	331,30395
JAX,2015,4,	313,31639
JAX,2015,5,	277,29832
JAX,2015,6,	413,45647
JAX,2015,7,	411,44162
JAX,2015,8,	389,42104
JAX,2015,9,	233,22662
JFK,2015,1,	2009,223696
JFK,2015,11,	1144,142580
JFK,2015,12,	2092,273339
JFK,2015,2,	2131,293209
JFK,2015,3,	2379,369332
JFK,2015,4,	1967,278789
JFK,2015,5,	1551,239349
JFK,2015,6,	1911,290762
JFK,2015,7,	1894,269595
JFK,2015,8,	1710,236816
JFK,2015,9,	1505,169759
JLN,2015,1,	16,1258
JLN,2015,11,	8,1907
JLN,2015,12,	8,2164
JLN,2015,2,	14,1507
JLN,2015,3,	19,2143
JLN,2015,4,	15,1853
JLN,2015,5,	14,1487
JLN,2015,6,	19,1767
JLN,2015,7,	20,1943
JLN,2015,8,	7,1114
JLN,2015,9,	9,890
JMS,2015,1,	23,3678
JMS,2015,11,	12,1334
JMS,2015,12,	4,454
JMS,2015,2,	18,1549
JMS,2015,3,	10,1342
JMS,2015,4,	11,1185
JMS,2015,5,	7,672
JMS,2015,6,	11,1299
JMS,2015,7,	10,717
JMS,2015,8,	15,1595
JMS,2015,9,	7,431
JNU,2015,1,	44,4591
JNU,2015,11,	58,7667
JNU,2015,12,	36,4698
JNU,2015,2,	37,5672
JNU,2015,3,	47,6501
JNU,2015,4,	40,3731
JNU,2015,5,	32,2446
JNU,2015,6,	83,6648
JNU,2015,7,	99,8166
JNU,2015,8,	88,7706
JNU,2015,9,	54,3752
KOA,2015,1,	148,11732
KOA,2015,11,	53,5908
KOA,2015,12,	68,7689
KOA,2015,2,	148,11363
KOA,2015,3,	162,11186
KOA,2015,4,	67,5343
KOA,2015,5,	90,6903
KOA,2015,6,	96,8710
KOA,2015,7,	109,9589
KOA,2015,8,	162,16167
KOA,2015,9,	105,7699
KTN,2015,1,	32,3190
KTN,2015,11,	34,3051
KTN,2015,12,	18,2731
KTN,2015,2,	26,3046
KTN,2015,3,	38,4568
KTN,2015,4,	29,2634
KTN,2015,5,	23,1628
KTN,2015,6,	54,3736
KTN,2015,7,	54,4988
KTN,2015,8,	53,4003
KTN,2015,9,	30,2054
LAN,2015,1,	49,5792
LAN,2015,11,	38,4060
LAN,2015,12,	33,2966
LAN,2015,2,	56,7853
LAN,2015,3,	12,1116
LAN,2015,4,	22,1859
LAN,2015,5,	11,989
LAN,2015,6,	31,3775
LAN,2015,7,	28,4211
LAN,2015,8,	18,1889
LAN,2015,9,	14,1254
LAR,2015,1,	13,1399
LAR,2015,11,	10,988
LAR,2015,12,	10,1204
LAR,2015,2,	13,1548
LAR,2015,3,	4,443
LAR,2015,4,	7,1134
LAR,2015,5,	4,403
LAR,2015,6,	5,616
LAR,2015,7,	9,618
LAR,2015,8,	2,368
LAR,2015,9,	4,182
LAS,2015,1,	1924,201441
LAS,2015,11,	1967,178349
LAS,2015,12,	2633,273921
LAS,2015,2,	2073,225675
LAS,2015,3,	2173,235929
LAS,2015,4,	2211,217480
LAS,2015,5,	2367,253285
LAS,2015,6,	2702,322600
LAS,2015,7,	2783,307017
LAS,2015,8,	2325,265811
LAS,2015,9,	1338,136087
LAW,2015,1,	31,3027
LAW,2015,11,	13,1117
LAW,2015,12,	9,1058
LAW,2015,2,	24,2726
LAW,2015,3,	34,3416
LAW,2015,4,	32,3793
LAW,2015,5,	28,3051
LAW,2015,6,	30,4361
LAW,2015,7,	16,2189
LAW,2015,8,	18,2659
LAW,2015,9,	13,1515
LAX,2015,1,	3024,323482
LAX,2015,11,	2953,276907
LAX,2015,12,	4437,465273
LAX,2015,2,	3377,370896
LAX,2015,3,	4338,437763
LAX,2015,4,	3537,326886
LAX,2015,5,	3654,357367
LAX,2015,6,	4617,506723
LAX,2015,7,	5858,652215
LAX,2015,8,	4742,493907
LAX,2015,9,	2915,275043
LBB,2015,1,	110,10314
LBB,2015,11,	89,8547
LBB,2015,12,	75,7895
LBB,2015,2,	98,7510
LBB,2015,3,	80,8027
LBB,2015,4,	92,7644
LBB,2015,5,	132,14647
LBB,2015,6,	101,10933
LBB,2015,7,	95,9206
LBB,2015,8,	69,7483
LBB,2015,9,	43,3385
LBE,2015,1,	27,3019
LBE,2015,11,	17,1715
LBE,2015,12,	22,2564
LBE,2015,2,	31,4422
LBE,2015,3,	18,2568
LBE,2015,4,	25,2401
LBE,2015,5,	27,3859
LBE,2015,6,	56,7787
LBE,2015,7,	39,4479
LBE,2015,8,	46,7263
LBE,2015,9,	15,1505
LCH,2015,1,	29,3045
LCH,2015,11,	12,548
LCH,2015,12,	22,1928
LCH,2015,2,	29,3062
LCH,2015,3,	38,3297
LCH,2015,4,	23,3167
LCH,2015,5,	36,4278
LCH,2015,6,	41,4817
LCH,2015,7,	28,2413
LCH,2015,8,	25,2768
LCH,2015,9,	14,1193
LEX,2015,1,	133,15635
LEX,2015,11,	65,9676
LEX,2015,12,	67,6943
LEX,2015,2,	103,11086
LEX,2015,3,	80,8369
LEX,2015,4,	77,8056
LEX,2015,5,	72,7528
LEX,2015,6,	134,13735
LEX,2015,7,	114,11106
LEX,2015,8,	96,10791
LEX,2015,9,	68,7318
LFT,2015,1,	105,10955
LFT,2015,11,	51,3604
LFT,2015,12,	57,5908
LFT,2015,2,	71,7452
LFT,2015,3,	106,11032
LFT,2015,4,	111,9989
LFT,2015,5,	110,11882
LFT,2015,6,	112,13813
LFT,2015,7,	67,6294
LFT,2015,8,	79,8397
LFT,2015,9,	53,3933
LGA,2015,1,	2616,289667
LGA,2015,11,	1562,167965
LGA,2015,12,	1696,232538
LGA,2015,2,	3123,346087
LGA,2015,3,	3051,366253
LGA,2015,4,	1925,201053
LGA,2015,5,	1970,285385
LGA,2015,6,	2762,364879
LGA,2015,7,	2748,326178
LGA,2015,8,	1946,230863
LGA,2015,9,	1420,148461
LGB,2015,1,	89,9212
LGB,2015,11,	125,13330
LGB,2015,12,	199,23765
LGB,2015,2,	115,15574
LGB,2015,3,	95,10932
LGB,2015,4,	91,8344
LGB,2015,5,	103,13368
LGB,2015,6,	125,14234
LGB,2015,7,	164,15797
LGB,2015,8,	192,19512
LGB,2015,9,	121,11773
LIH,2015,1,	110,9121
LIH,2015,11,	51,5467
LIH,2015,12,	72,8915
LIH,2015,2,	131,9319
LIH,2015,3,	133,9677
LIH,2015,4,	55,5712
LIH,2015,5,	79,7035
LIH,2015,6,	86,8151
LIH,2015,7,	94,9399
LIH,2015,8,	162,13061
LIH,2015,9,	108,8289
LIT,2015,1,	253,26779
LIT,2015,11,	154,14492
LIT,2015,12,	188,19213
LIT,2015,2,	207,20008
LIT,2015,3,	228,21757
LIT,2015,4,	154,15082
LIT,2015,5,	206,21383
LIT,2015,6,	317,37530
LIT,2015,7,	207,22113
LIT,2015,8,	187,20487
LIT,2015,9,	127,11923
LNK,2015,1,	50,5502
LNK,2015,11,	65,6506
LNK,2015,12,	49,5964
LNK,2015,2,	61,5711
LNK,2015,3,	34,4978
LNK,2015,4,	46,4074
LNK,2015,5,	47,4991
LNK,2015,6,	45,4172
LNK,2015,7,	56,6169
LNK,2015,8,	49,5388
LNK,2015,9,	50,5450
LRD,2015,1,	49,3513
LRD,2015,11,	26,2573
LRD,2015,12,	29,3605
LRD,2015,2,	31,2109
LRD,2015,3,	52,5560
LRD,2015,4,	38,3281
LRD,2015,5,	37,3790
LRD,2015,6,	44,4328
LRD,2015,7,	20,1606
LRD,2015,8,	23,1997
LRD,2015,9,	16,1602
LSE,2015,1,	40,5321
LSE,2015,11,	22,2177
LSE,2015,12,	30,2315
LSE,2015,2,	45,5386
LSE,2015,3,	25,2426
LSE,2015,4,	15,1177
LSE,2015,5,	10,1357
LSE,2015,6,	29,3485
LSE,2015,7,	15,1760
LSE,2015,8,	15,1705
LSE,2015,9,	18,1822
LWS,2015,1,	1,21
LWS,2015,11,	1,45
LWS,2015,12,	6,1431
LWS,2015,2,	4,320
LWS,2015,3,	4,408
LWS,2015,4,	2,134
LWS,2015,5,	2,208
LWS,2015,6,	2,174
LWS,2015,8,	1,65
LWS,2015,9,	1,51
MAF,2015,1,	193,18856
MAF,2015,11,	104,9386
MAF,2015,12,	98,9596
MAF,2015,2,	160,14743
MAF,2015,3,	180,17092
MAF,2015,4,	141,12548
MAF,2015,5,	219,23701
MAF,2015,6,	176,19443
MAF,2015,7,	148,14744
MAF,2015,8,	114,13603
MAF,2015,9,	60,5006
MBS,2015,1,	46,5068
MBS,2015,11,	22,2218
MBS,2015,12,	38,4369
MBS,2015,2,	46,5211
MBS,2015,3,	23,2377
MBS,2015,4,	41,5237
MBS,2015,5,	21,1563
MBS,2015,6,	30,2531
MBS,2015,7,	27,3442
MBS,2015,8,	23,2702
MBS,2015,9,	22,2322
MCI,2015,1,	696,71075
MCI,2015,11,	521,52300
MCI,2015,12,	665,75213
MCI,2015,2,	641,57881
MCI,2015,3,	644,60133
MCI,2015,4,	636,63346
MCI,2015,5,	734,87794
MCI,2015,6,	1011,117431
MCI,2015,7,	875,99242
MCI,2015,8,	681,77985
MCI,2015,9,	389,37885
MCO,2015,1,	2074,219462
MCO,2015,11,	1331,147619
MCO,2015,12,	2314,270687
MCO,2015,2,	2244,252050
MCO,2015,3,	2398,266110
MCO,2015,4,	1757,189266
MCO,2015,5,	1695,201083
MCO,2015,6,	2367,306200
MCO,2015,7,	2406,284251
MCO,2015,8,	2427,267394
MCO,2015,9,	1354,139201
MDT,2015,1,	53,6051
MDT,2015,11,	44,4886
MDT,2015,12,	39,4793
MDT,2015,2,	84,11964
MDT,2015,3,	60,6363
MDT,2015,4,	39,4634
MDT,2015,5,	57,6715
MDT,2015,6,	80,11057
MDT,2015,7,	52,7136
MDT,2015,8,	41,5660
MDT,2015,9,	29,3386
MDW,2015,1,	1240,122131
MDW,2015,11,	801,90951
MDW,2015,12,	1225,142778
MDW,2015,2,	1111,106271
MDW,2015,3,	1240,132779
MDW,2015,4,	1101,116692
MDW,2015,5,	1289,151996
MDW,2015,6,	1867,213087
MDW,2015,7,	1800,209728
MDW,2015,8,	1267,147393
MDW,2015,9,	810,85990
MEI,2015,1,	17,2631
MEI,2015,11,	14,1452
MEI,2015,12,	17,2149
MEI,2015,2,	16,2309
MEI,2015,3,	24,2400
MEI,2015,4,	13,2186
MEI,2015,5,	23,4922
MEI,2015,6,	27,3822
MEI,2015,7,	10,732
MEI,2015,8,	12,1146
MEI,2015,9,	5,267
MEM,2015,1,	250,26399
MEM,2015,11,	217,23488
MEM,2015,12,	224,23689
MEM,2015,2,	255,23242
MEM,2015,3,	297,27969
MEM,2015,4,	317,31130
MEM,2015,5,	283,30691
MEM,2015,6,	348,38021
MEM,2015,7,	316,35802
MEM,2015,8,	223,26587
MEM,2015,9,	150,13331
MFE,2015,1,	79,6796
MFE,2015,11,	37,5250
MFE,2015,12,	30,3120
MFE,2015,2,	56,4694
MFE,2015,3,	87,8910
MFE,2015,4,	81,9423
MFE,2015,5,	113,15284
MFE,2015,6,	77,10176
MFE,2015,7,	52,7818
MFE,2015,8,	39,4242
MFE,2015,9,	24,2380
MFR,2015,1,	53,6642
MFR,2015,11,	42,2896
MFR,2015,12,	83,7644
MFR,2015,2,	39,5367
MFR,2015,3,	29,3253
MFR,2015,4,	32,4230
MFR,2015,5,	46,6284
MFR,2015,6,	36,4512
MFR,2015,7,	36,4284
MFR,2015,8,	44,4893
MFR,2015,9,	32,3565
MGM,2015,1,	66,7070
MGM,2015,11,	53,4169
MGM,2015,12,	58,8343
MGM,2015,2,	58,6482
MGM,2015,3,	75,7654
MGM,2015,4,	57,5892
MGM,2015,5,	69,7063
MGM,2015,6,	82,8986
MGM,2015,7,	70,7161
MGM,2015,8,	61,6654
MGM,2015,9,	43,3797
MHK,2015,1,	51,5412
MHK,2015,11,	16,2435
MHK,2015,12,	16,1819
MHK,2015,2,	46,6370
MHK,2015,3,	37,4055
MHK,2015,4,	21,2134
MHK,2015,5,	29,3325
MHK,2015,6,	32,3299
MHK,2015,7,	21,2424
MHK,2015,8,	16,1584
MHK,2015,9,	16,1668
MHT,2015,1,	105,11302
MHT,2015,11,	73,8832
MHT,2015,12,	107,10430
MHT,2015,2,	86,8764
MHT,2015,3,	135,17918
MHT,2015,4,	105,11829
MHT,2015,5,	106,10421
MHT,2015,6,	161,18180
MHT,2015,7,	163,20696
MHT,2015,8,	152,18737
MHT,2015,9,	104,11496
MIA,2015,1,	1448,152423
MIA,2015,11,	831,94870
MIA,2015,12,	1510,173299
MIA,2015,2,	1345,154443
MIA,2015,3,	1402,165141
MIA,2015,4,	1084,115328
MIA,2015,5,	1205,141718
MIA,2015,6,	1365,183259
MIA,2015,7,	1479,167586
MIA,2015,8,	1417,152733
MIA,2015,9,	1087,106211
MKE,2015,1,	580,57579
MKE,2015,11,	402,43375
MKE,2015,12,	481,60012
MKE,2015,2,	566,62894
MKE,2015,3,	527,51970
MKE,2015,4,	445,45864
MKE,2015,5,	397,44748
MKE,2015,6,	657,80414
MKE,2015,7,	556,64084
MKE,2015,8,	483,54826
MKE,2015,9,	265,28030
MKG,2015,1,	15,2023
MKG,2015,11,	11,1639
MKG,2015,12,	16,1643
MKG,2015,2,	21,2389
MKG,2015,3,	9,1441
MKG,2015,4,	6,988
MKG,2015,5,	8,595
MKG,2015,6,	13,1889
MKG,2015,7,	12,1236
MKG,2015,8,	13,1223
MKG,2015,9,	9,710
MLB,2015,1,	11,748
MLB,2015,11,	10,789
MLB,2015,12,	31,3623
MLB,2015,2,	20,1694
MLB,2015,3,	20,1281
MLB,2015,4,	14,1609
MLB,2015,5,	12,1429
MLB,2015,6,	27,2887
MLB,2015,7,	20,2132
MLB,2015,8,	24,2468
MLB,2015,9,	19,1804
MLI,2015,1,	127,12067
MLI,2015,11,	51,4975
MLI,2015,12,	52,4525
MLI,2015,2,	115,11921
MLI,2015,3,	82,8582
MLI,2015,4,	68,6807
MLI,2015,5,	47,5310
MLI,2015,6,	104,10977
MLI,2015,7,	71,6978
MLI,2015,8,	64,7032
MLI,2015,9,	44,3754
MLU,2015,1,	46,4567
MLU,2015,11,	44,5093
MLU,2015,12,	40,4831
MLU,2015,2,	37,4701
MLU,2015,3,	69,6521
MLU,2015,4,	56,6628
MLU,2015,5,	73,7157
MLU,2015,6,	72,11688
MLU,2015,7,	44,5295
MLU,2015,8,	45,5099
MLU,2015,9,	32,2250
MMH,2015,1,	8,708
MMH,2015,12,	7,1112
MMH,2015,2,	8,632
MMH,2015,3,	7,756
MMH,2015,4,	3,394
MOB,2015,1,	98,10417
MOB,2015,11,	94,8001
MOB,2015,12,	81,8283
MOB,2015,2,	79,7524
MOB,2015,3,	102,10281
MOB,2015,4,	81,6957
MOB,2015,5,	107,11757
MOB,2015,6,	103,11714
MOB,2015,7,	95,8783
MOB,2015,8,	74,7967
MOB,2015,9,	71,7231
MOT,2015,1,	51,4820
MOT,2015,11,	30,3475
MOT,2015,12,	25,1567
MOT,2015,2,	40,3276
MOT,2015,3,	22,2688
MOT,2015,4,	21,1797
MOT,2015,5,	16,1785
MOT,2015,6,	31,2859
MOT,2015,7,	43,3331
MOT,2015,8,	22,2207
MOT,2015,9,	22,2273
MQT,2015,1,	12,2179
MQT,2015,11,	4,434
MQT,2015,12,	10,1064
MQT,2015,2,	13,1542
MQT,2015,3,	6,336
MQT,2015,4,	3,861
MQT,2015,5,	6,889
MQT,2015,6,	8,1027
MQT,2015,7,	11,1031
MQT,2015,8,	4,364
MQT,2015,9,	10,3022
MRY,2015,1,	52,6398
MRY,2015,11,	31,2492
MRY,2015,12,	42,4294
MRY,2015,2,	64,6445
MRY,2015,3,	44,4156
MRY,2015,4,	38,3538
MRY,2015,5,	59,4704
MRY,2015,6,	46,5919
MRY,2015,7,	55,6506
MRY,2015,8,	73,8765
MRY,2015,9,	35,4255
MSN,2015,1,	218,21240
MSN,2015,11,	107,13807
MSN,2015,12,	115,11611
MSN,2015,2,	225,24185
MSN,2015,3,	155,14484
MSN,2015,4,	92,10552
MSN,2015,5,	109,13750
MSN,2015,6,	216,24224
MSN,2015,7,	160,18954
MSN,2015,8,	133,16040
MSN,2015,9,	90,10206
MSO,2015,1,	20,2156
MSO,2015,11,	22,1264
MSO,2015,12,	39,3265
MSO,2015,2,	12,1355
MSO,2015,3,	12,954
MSO,2015,4,	11,1244
MSO,2015,5,	17,1569
MSO,2015,6,	34,4548
MSO,2015,7,	50,5577
MSO,2015,8,	37,5110
MSO,2015,9,	14,1255
MSP,2015,1,	1578,185219
MSP,2015,11,	1511,173845
MSP,2015,12,	1842,214534
MSP,2015,2,	1688,206292
MSP,2015,3,	1597,178604
MSP,2015,4,	1526,149657
MSP,2015,5,	1602,184450
MSP,2015,6,	2353,288121
MSP,2015,7,	2076,227815
MSP,2015,8,	1888,199625
MSP,2015,9,	1343,142201
MSY,2015,1,	553,55969
MSY,2015,11,	481,48799
MSY,2015,12,	708,85488
MSY,2015,2,	641,67592
MSY,2015,3,	709,71318
MSY,2015,4,	709,76096
MSY,2015,5,	787,86463
MSY,2015,6,	811,104945
MSY,2015,7,	720,81652
MSY,2015,8,	599,69362
MSY,2015,9,	329,34343
MTJ,2015,1,	46,4326
MTJ,2015,11,	4,653
MTJ,2015,12,	47,4577
MTJ,2015,2,	56,6373
MTJ,2015,3,	25,3080
MTJ,2015,4,	3,412
MTJ,2015,6,	21,1732
MTJ,2015,7,	17,1553
MTJ,2015,8,	9,890
MTJ,2015,9,	9,997
MVY,2015,5,	4,561
MVY,2015,6,	7,785
MVY,2015,7,	12,896
MVY,2015,8,	12,1779
MVY,2015,9,	4,352
MYR,2015,1,	42,5260
MYR,2015,11,	38,4092
MYR,2015,12,	51,7914
MYR,2015,2,	80,7179
MYR,2015,3,	89,11340
MYR,2015,4,	91,7742
MYR,2015,5,	113,12026
MYR,2015,6,	150,22917
MYR,2015,7,	105,10970
MYR,2015,8,	148,17631
MYR,2015,9,	75,8828
OAJ,2015,1,	20,2170
OAJ,2015,11,	17,2430
OAJ,2015,12,	19,2587
OAJ,2015,2,	15,2336
OAJ,2015,3,	15,2260
OAJ,2015,4,	18,2699
OAJ,2015,5,	26,2723
OAJ,2015,6,	30,2474
OAJ,2015,7,	29,2924
OAJ,2015,8,	26,2747
OAJ,2015,9,	13,1845
OAK,2015,1,	576,59422
OAK,2015,11,	666,60861
OAK,2015,12,	1045,94041
OAK,2015,2,	607,62537
OAK,2015,3,	577,62671
OAK,2015,4,	612,58853
OAK,2015,5,	714,74263
OAK,2015,6,	918,100240
OAK,2015,7,	983,115848
OAK,2015,8,	786,87752
OAK,2015,9,	473,42700
OGG,2015,1,	304,28304
OGG,2015,11,	102,8534
OGG,2015,12,	181,24404
OGG,2015,2,	319,24077
OGG,2015,3,	343,27050
OGG,2015,4,	165,13992
OGG,2015,5,	227,23425
OGG,2015,6,	277,29083
OGG,2015,7,	251,27518
OGG,2015,8,	342,32867
OGG,2015,9,	232,22265
OKC,2015,1,	333,34954
OKC,2015,11,	291,28863
OKC,2015,12,	344,37854
OKC,2015,2,	286,30030
OKC,2015,3,	293,29693
OKC,2015,4,	293,29274
OKC,2015,5,	334,36050
OKC,2015,6,	432,53911
OKC,2015,7,	379,43501
OKC,2015,8,	309,34822
OKC,2015,9,	177,17074
OMA,2015,1,	357,38130
OMA,2015,11,	233,22329
OMA,2015,12,	330,36958
OMA,2015,2,	316,32919
OMA,2015,3,	307,29159
OMA,2015,4,	233,25302
OMA,2015,5,	300,33498
OMA,2015,6,	416,48453
OMA,2015,7,	348,36260
OMA,2015,8,	234,26314
OMA,2015,9,	163,16346
OME,2015,1,	5,535
OME,2015,11,	19,2188
OME,2015,12,	7,316
OME,2015,2,	14,1242
OME,2015,3,	17,1925
OME,2015,4,	6,528
OME,2015,5,	9,497
OME,2015,6,	8,861
OME,2015,7,	10,871
OME,2015,8,	16,859
OME,2015,9,	9,589
ONT,2015,1,	326,32688
ONT,2015,11,	283,26201
ONT,2015,12,	333,33235
ONT,2015,2,	277,27963
ONT,2015,3,	262,25169
ONT,2015,4,	318,30800
ONT,2015,5,	414,41079
ONT,2015,6,	444,48758
ONT,2015,7,	415,47221
ONT,2015,8,	324,35098
ONT,2015,9,	230,20453
ORD,2015,1,	6550,787632
ORD,2015,11,	3962,646481
ORD,2015,12,	4233,601619
ORD,2015,2,	6606,788190
ORD,2015,3,	5374,650444
ORD,2015,4,	4364,581438
ORD,2015,5,	4789,578928
ORD,2015,6,	7889,1086263
ORD,2015,7,	6130,790706
ORD,2015,8,	5110,696376
ORD,2015,9,	3879,461985
ORF,2015,1,	177,16863
ORF,2015,11,	120,12732
ORF,2015,12,	183,21638
ORF,2015,2,	178,19458
ORF,2015,3,	169,18187
ORF,2015,4,	151,15199
ORF,2015,5,	141,17727
ORF,2015,6,	211,24417
ORF,2015,7,	192,23338
ORF,2015,8,	185,18984
ORF,2015,9,	124,12928
ORH,2015,1,	13,1046
ORH,2015,11,	6,468
ORH,2015,12,	17,1666
ORH,2015,2,	12,1046
ORH,2015,3,	8,810
ORH,2015,4,	7,766
ORH,2015,5,	2,326
ORH,2015,6,	3,463
ORH,2015,7,	5,837
ORH,2015,8,	14,1538
ORH,2015,9,	4,279
OTH,2015,1,	7,934
OTH,2015,11,	4,890
OTH,2015,12,	7,1362
OTH,2015,2,	7,974
OTH,2015,3,	4,466
OTH,2015,4,	7,544
OTH,2015,5,	7,575
OTH,2015,6,	2,216
OTH,2015,7,	10,1494
OTH,2015,8,	15,2303
OTH,2015,9,	10,639
OTZ,2015,1,	8,951
OTZ,2015,11,	11,666
OTZ,2015,12,	4,193
OTZ,2015,2,	7,762
OTZ,2015,3,	16,919
OTZ,2015,4,	8,1257
OTZ,2015,5,	3,196
OTZ,2015,6,	7,509
OTZ,2015,7,	13,998
OTZ,2015,8,	11,734
OTZ,2015,9,	8,610
PAH,2015,1,	16,1968
PAH,2015,11,	8,637
PAH,2015,12,	13,1705
PAH,2015,2,	14,2119
PAH,2015,3,	4,331
PAH,2015,4,	8,868
PAH,2015,5,	11,882
PAH,2015,6,	19,2332
PAH,2015,7,	15,1038
PAH,2015,8,	17,2177
PAH,2015,9,	8,1109
PBG,2015,1,	9,638
PBG,2015,11,	5,434
PBG,2015,12,	11,1856
PBG,2015,2,	10,1135
PBG,2015,3,	10,1106
PBG,2015,4,	10,959
PBG,2015,5,	6,395
PBG,2015,6,	7,1109
PBG,2015,7,	10,766
PBG,2015,8,	10,922
PBG,2015,9,	3,467
PBI,2015,1,	527,52406
PBI,2015,11,	303,30953
PBI,2015,12,	689,91959
PBI,2015,2,	691,68345
PBI,2015,3,	664,72090
PBI,2015,4,	434,41828
PBI,2015,5,	283,33760
PBI,2015,6,	406,51300
PBI,2015,7,	387,46044
PBI,2015,8,	446,51720
PBI,2015,9,	312,27999
PDX,2015,1,	632,66769
PDX,2015,11,	552,58073
PDX,2015,12,	940,105454
PDX,2015,2,	549,60974
PDX,2015,3,	553,57110
PDX,2015,4,	532,55651
PDX,2015,5,	560,64395
PDX,2015,6,	988,114961
PDX,2015,7,	971,102205
PDX,2015,8,	803,91063
PDX,2015,9,	464,47728
PHF,2015,1,	27,1796
PHF,2015,11,	28,3092
PHF,2015,12,	26,3250
PHF,2015,2,	13,1419
PHF,2015,3,	31,3408
PHF,2015,4,	17,2227
PHF,2015,5,	10,1452
PHF,2015,6,	30,3147
PHF,2015,7,	37,4281
PHF,2015,8,	26,3217
PHF,2015,9,	16,1533
PHL,2015,1,	1314,136233
PHL,2015,11,	878,90637
PHL,2015,12,	1431,166351
PHL,2015,2,	1145,117461
PHL,2015,3,	1264,141982
PHL,2015,4,	1120,110805
PHL,2015,5,	1194,133188
PHL,2015,6,	1622,195802
PHL,2015,7,	1361,148939
PHL,2015,8,	1231,143013
PHL,2015,9,	944,102414
PHX,2015,1,	2227,247469
PHX,2015,11,	1902,171844
PHX,2015,12,	2689,269301
PHX,2015,2,	2128,235310
PHX,2015,3,	2290,215455
PHX,2015,4,	2341,201483
PHX,2015,5,	2137,214826
PHX,2015,6,	2693,298257
PHX,2015,7,	2768,296376
PHX,2015,8,	2223,243918
PHX,2015,9,	1216,122501
PIA,2015,1,	100,11511
PIA,2015,11,	72,7908
PIA,2015,12,	73,6710
PIA,2015,2,	100,9711
PIA,2015,3,	88,8241
PIA,2015,4,	54,5618
PIA,2015,5,	59,7598
PIA,2015,6,	80,8091
PIA,2015,7,	68,7053
PIA,2015,8,	53,5769
PIA,2015,9,	57,5984
PIB,2015,1,	11,1032
PIB,2015,11,	8,923
PIB,2015,12,	5,677
PIB,2015,2,	15,1724
PIB,2015,3,	17,1621
PIB,2015,4,	13,1763
PIB,2015,5,	20,3509
PIB,2015,6,	17,2626
PIB,2015,7,	6,416
PIB,2015,8,	7,685
PIB,2015,9,	4,316
PIH,2015,1,	6,397
PIH,2015,11,	6,214
PIH,2015,12,	13,616
PIH,2015,2,	3,147
PIH,2015,3,	2,92
PIH,2015,4,	1,37
PIH,2015,5,	5,332
PIH,2015,6,	4,252
PIH,2015,7,	3,235
PIH,2015,8,	6,740
PIH,2015,9,	5,389
PIT,2015,1,	440,41897
PIT,2015,11,	297,31454
PIT,2015,12,	419,47623
PIT,2015,2,	428,41991
PIT,2015,3,	424,40709
PIT,2015,4,	330,34304
PIT,2015,5,	402,50262
PIT,2015,6,	597,71309
PIT,2015,7,	490,60570
PIT,2015,8,	436,59703
PIT,2015,9,	238,25636
PLN,2015,1,	13,1350
PLN,2015,11,	6,1139
PLN,2015,12,	10,1363
PLN,2015,2,	19,2721
PLN,2015,3,	11,1616
PLN,2015,4,	5,1187
PLN,2015,5,	6,916
PLN,2015,6,	6,788
PLN,2015,7,	19,3484
PLN,2015,8,	15,2459
PLN,2015,9,	9,1197
PNS,2015,1,	121,11728
PNS,2015,11,	63,6144
PNS,2015,12,	95,9033
PNS,2015,2,	112,10302
PNS,2015,3,	122,12859
PNS,2015,4,	106,11866
PNS,2015,5,	105,10772
PNS,2015,6,	163,15677
PNS,2015,7,	137,13237
PNS,2015,8,	129,15261
PNS,2015,9,	61,4287
PPG,2015,1,	1,18
PPG,2015,11,	4,412
PPG,2015,12,	2,414
PPG,2015,2,	1,46
PPG,2015,3,	3,1262
PPG,2015,4,	1,26
PPG,2015,6,	1,26
PPG,2015,7,	1,31
PPG,2015,8,	1,85
PSC,2015,1,	48,6068
PSC,2015,11,	58,5038
PSC,2015,12,	69,7368
PSC,2015,2,	23,4157
PSC,2015,3,	20,1629
PSC,2015,4,	33,3727
PSC,2015,5,	22,2112
PSC,2015,6,	44,4102
PSC,2015,7,	49,5884
PSC,2015,8,	40,3963
PSC,2015,9,	18,2015
PSE,2015,1,	11,877
PSE,2015,11,	11,515
PSE,2015,12,	38,3729
PSE,2015,2,	12,1194
PSE,2015,3,	12,1630
PSE,2015,4,	15,1684
PSE,2015,5,	5,735
PSE,2015,6,	25,2610
PSE,2015,7,	29,3103
PSE,2015,8,	27,2799
PSE,2015,9,	17,1596
PSG,2015,1,	16,2539
PSG,2015,11,	9,699
PSG,2015,12,	5,490
PSG,2015,2,	10,738
PSG,2015,3,	11,2504
PSG,2015,4,	14,691
PSG,2015,5,	12,831
PSG,2015,6,	16,2012
PSG,2015,7,	12,1466
PSG,2015,8,	18,1791
PSG,2015,9,	4,435
PSP,2015,1,	214,21739
PSP,2015,11,	126,11217
PSP,2015,12,	164,17645
PSP,2015,2,	230,24684
PSP,2015,3,	205,21109
PSP,2015,4,	148,15083
PSP,2015,5,	149,14319
PSP,2015,6,	79,11526
PSP,2015,7,	99,12427
PSP,2015,8,	94,9727
PSP,2015,9,	79,7021
PUB,2015,1,	12,1704
PUB,2015,2,	14,1266
PUB,2015,3,	4,290
PUB,2015,4,	6,509
PUB,2015,5,	2,117
PVD,2015,1,	207,20815
PVD,2015,11,	136,13162
PVD,2015,12,	196,26432
PVD,2015,2,	204,19742
PVD,2015,3,	221,23828
PVD,2015,4,	156,16669
PVD,2015,5,	154,16219
PVD,2015,6,	256,32477
PVD,2015,7,	279,32526
PVD,2015,8,	239,29427
PVD,2015,9,	139,13284
PWM,2015,1,	48,4442
PWM,2015,11,	59,6354
PWM,2015,12,	103,11179
PWM,2015,2,	82,6734
PWM,2015,3,	69,7880
PWM,2015,4,	75,8187
PWM,2015,5,	74,8782
PWM,2015,6,	128,19074
PWM,2015,7,	156,21108
PWM,2015,8,	123,14682
PWM,2015,9,	55,5639
RAP,2015,1,	51,5318
RAP,2015,11,	29,3824
RAP,2015,12,	41,6425
RAP,2015,2,	35,2214
RAP,2015,3,	38,4098
RAP,2015,4,	25,2431
RAP,2015,5,	45,5484
RAP,2015,6,	98,9886
RAP,2015,7,	108,10148
RAP,2015,8,	64,6705
RAP,2015,9,	27,2919
RDD,2015,1,	23,3129
RDD,2015,11,	6,930
RDD,2015,12,	13,1145
RDD,2015,2,	17,2020
RDD,2015,3,	14,1116
RDD,2015,4,	7,654
RDD,2015,5,	22,2403
RDD,2015,6,	20,1961
RDD,2015,7,	9,771
RDD,2015,8,	15,1638
RDD,2015,9,	14,1077
RDM,2015,1,	35,3937
RDM,2015,11,	25,2246
RDM,2015,12,	53,5429
RDM,2015,2,	38,4144
RDM,2015,3,	17,2084
RDM,2015,4,	17,1679
RDM,2015,5,	21,3525
RDM,2015,6,	45,4204
RDM,2015,7,	30,3620
RDM,2015,8,	37,3783
RDM,2015,9,	23,2081
RDU,2015,1,	541,55714
RDU,2015,11,	426,40876
RDU,2015,12,	624,69542
RDU,2015,2,	504,51960
RDU,2015,3,	576,62637
RDU,2015,4,	498,49016
RDU,2015,5,	540,58640
RDU,2015,6,	811,97695
RDU,2015,7,	764,89363
RDU,2015,8,	637,78001
RDU,2015,9,	405,40875
RHI,2015,1,	14,1658
RHI,2015,11,	16,2018
RHI,2015,12,	7,940
RHI,2015,2,	6,477
RHI,2015,3,	11,1204
RHI,2015,4,	11,694
RHI,2015,5,	9,1159
RHI,2015,6,	9,1226
RHI,2015,7,	9,1005
RHI,2015,8,	4,1709
RHI,2015,9,	9,1293
RIC,2015,1,	293,33014
RIC,2015,11,	242,26376
RIC,2015,12,	291,35113
RIC,2015,2,	290,28783
RIC,2015,3,	239,28505
RIC,2015,4,	211,26518
RIC,2015,5,	215,25149
RIC,2015,6,	382,46064
RIC,2015,7,	400,49837
RIC,2015,8,	379,46845
RIC,2015,9,	233,26866
RKS,2015,1,	14,1423
RKS,2015,11,	9,635
RKS,2015,12,	8,557
RKS,2015,2,	12,990
RKS,2015,3,	4,629
RKS,2015,4,	4,368
RKS,2015,5,	8,877
RKS,2015,6,	15,2034
RKS,2015,7,	9,1295
RKS,2015,8,	7,867
RKS,2015,9,	1,134
RNO,2015,1,	184,20277
RNO,2015,11,	162,15427
RNO,2015,12,	319,31437
RNO,2015,2,	206,19295
RNO,2015,3,	186,22063
RNO,2015,4,	219,21760
RNO,2015,5,	182,18626
RNO,2015,6,	321,35617
RNO,2015,7,	342,38763
RNO,2015,8,	243,25248
RNO,2015,9,	145,13910
ROA,2015,1,	28,3541
ROA,2015,11,	40,4756
ROA,2015,12,	41,6138
ROA,2015,2,	30,3403
ROA,2015,3,	39,3373
ROA,2015,4,	34,2895
ROA,2015,5,	32,3141
ROA,2015,6,	49,4871
ROA,2015,7,	49,6378
ROA,2015,8,	55,6776
ROA,2015,9,	29,2032
ROC,2015,1,	144,15830
ROC,2015,11,	99,12480
ROC,2015,12,	132,17712
ROC,2015,2,	147,14873
ROC,2015,3,	153,17549
ROC,2015,4,	105,11261
ROC,2015,5,	127,17195
ROC,2015,6,	142,15496
ROC,2015,7,	167,18735
ROC,2015,8,	140,17028
ROC,2015,9,	90,8695
ROW,2015,1,	24,2679
ROW,2015,11,	18,1233
ROW,2015,12,	4,485
ROW,2015,2,	24,2057
ROW,2015,3,	21,1747
ROW,2015,4,	18,1625
ROW,2015,5,	19,2194
ROW,2015,6,	22,2102
ROW,2015,7,	16,1743
ROW,2015,8,	5,823
ROW,2015,9,	11,909
RST,2015,1,	64,7864
RST,2015,11,	27,3517
RST,2015,12,	19,1840
RST,2015,2,	65,7590
RST,2015,3,	35,4526
RST,2015,4,	19,2087
RST,2015,5,	19,2117
RST,2015,6,	36,4425
RST,2015,7,	36,4556
RST,2015,8,	30,3368
RST,2015,9,	17,2174
RSW,2015,1,	623,65162
RSW,2015,11,	333,37321
RSW,2015,12,	690,81075
RSW,2015,2,	799,81637
RSW,2015,3,	842,90227
RSW,2015,4,	429,43620
RSW,2015,5,	280,32691
RSW,2015,6,	380,43030
RSW,2015,7,	339,40477
RSW,2015,8,	296,31694
RSW,2015,9,	234,20958
SAF,2015,1,	37,2536
SAF,2015,11,	15,1986
SAF,2015,12,	12,1035
SAF,2015,2,	36,3127
SAF,2015,3,	27,3066
SAF,2015,4,	37,3977
SAF,2015,5,	28,2856
SAF,2015,6,	41,4520
SAF,2015,7,	26,2561
SAF,2015,8,	12,953
SAF,2015,9,	4,293
SAN,2015,1,	1030,101420
SAN,2015,11,	997,99053
SAN,2015,12,	1383,144031
SAN,2015,2,	1119,111780
SAN,2015,3,	1039,109659
SAN,2015,4,	1176,112035
SAN,2015,5,	1266,124145
SAN,2015,6,	1479,146664
SAN,2015,7,	1564,165959
SAN,2015,8,	1212,121195
SAN,2015,9,	722,70129
SAT,2015,1,	656,60360
SAT,2015,11,	425,41517
SAT,2015,12,	547,62042
SAT,2015,2,	507,51766
SAT,2015,3,	622,53652
SAT,2015,4,	597,61076
SAT,2015,5,	692,77118
SAT,2015,6,	774,89633
SAT,2015,7,	680,77634
SAT,2015,8,	496,55663
SAT,2015,9,	238,20312
SAV,2015,1,	134,14039
SAV,2015,11,	76,9461
SAV,2015,12,	111,12093
SAV,2015,2,	140,15410
SAV,2015,3,	120,11510
SAV,2015,4,	120,13816
SAV,2015,5,	136,15168
SAV,2015,6,	179,21611
SAV,2015,7,	153,17047
SAV,2015,8,	125,13533
SAV,2015,9,	91,6708
SBA,2015,1,	113,14705
SBA,2015,11,	54,4576
SBA,2015,12,	113,11873
SBA,2015,2,	103,12476
SBA,2015,3,	79,8426
SBA,2015,4,	70,7966
SBA,2015,5,	84,8944
SBA,2015,6,	106,12094
SBA,2015,7,	111,11591
SBA,2015,8,	95,9709
SBA,2015,9,	90,8464
SBN,2015,1,	106,15878
SBN,2015,11,	62,9243
SBN,2015,12,	77,13440
SBN,2015,2,	122,14958
SBN,2015,3,	90,12837
SBN,2015,4,	62,8636
SBN,2015,5,	50,5995
SBN,2015,6,	85,11524
SBN,2015,7,	81,9037
SBN,2015,8,	79,10482
SBN,2015,9,	72,6373
SBP,2015,1,	68,7778
SBP,2015,11,	26,2390
SBP,2015,12,	45,4481
SBP,2015,2,	50,4854
SBP,2015,3,	63,6208
SBP,2015,4,	44,5278
SBP,2015,5,	33,3711
SBP,2015,6,	33,3034
SBP,2015,7,	44,4796
SBP,2015,8,	45,5117
SBP,2015,9,	43,5063
SCC,2015,1,	9,539
SCC,2015,11,	6,782
SCC,2015,12,	6,431
SCC,2015,2,	10,562
SCC,2015,3,	13,1364
SCC,2015,4,	6,808
SCC,2015,5,	8,743
SCC,2015,6,	12,1206
SCC,2015,7,	10,1017
SCC,2015,8,	8,533
SCC,2015,9,	10,464
SCE,2015,1,	23,2278
SCE,2015,11,	14,1350
SCE,2015,12,	13,1158
SCE,2015,2,	24,2748
SCE,2015,3,	12,926
SCE,2015,4,	15,934
SCE,2015,5,	13,1100
SCE,2015,6,	34,4946
SCE,2015,7,	28,3706
SCE,2015,8,	22,1971
SCE,2015,9,	13,1818
SDF,2015,1,	231,19798
SDF,2015,11,	143,14335
SDF,2015,12,	179,20218
SDF,2015,2,	196,19258
SDF,2015,3,	203,21836
SDF,2015,4,	158,16155
SDF,2015,5,	178,22542
SDF,2015,6,	222,28622
SDF,2015,7,	192,20304
SDF,2015,8,	139,14980
SDF,2015,9,	95,10209
SEA,2015,1,	1544,157068
SEA,2015,11,	1547,142810
SEA,2015,12,	2089,213728
SEA,2015,2,	1213,123075
SEA,2015,3,	1313,144028
SEA,2015,4,	1119,118328
SEA,2015,5,	1340,130668
SEA,2015,6,	2027,217946
SEA,2015,7,	2001,209530
SEA,2015,8,	2555,243427
SEA,2015,9,	1385,118243
SFO,2015,1,	2850,358355
SFO,2015,11,	2189,252267
SFO,2015,12,	4465,689468
SFO,2015,2,	2929,394027
SFO,2015,3,	2421,293311
SFO,2015,4,	2496,285346
SFO,2015,5,	3753,443927
SFO,2015,6,	3135,394086
SFO,2015,7,	3684,444277
SFO,2015,8,	3149,365016
SFO,2015,9,	1913,205475
SGF,2015,1,	176,21061
SGF,2015,11,	88,8736
SGF,2015,12,	109,12381
SGF,2015,2,	179,22166
SGF,2015,3,	159,15683
SGF,2015,4,	111,13298
SGF,2015,5,	127,12665
SGF,2015,6,	173,20389
SGF,2015,7,	115,11397
SGF,2015,8,	76,7583
SGF,2015,9,	62,7368
SGU,2015,1,	20,2100
SGU,2015,11,	34,2060
SGU,2015,12,	44,3502
SGU,2015,2,	13,965
SGU,2015,3,	19,1632
SGU,2015,4,	23,1920
SGU,2015,5,	20,1719
SGU,2015,6,	32,3438
SGU,2015,7,	31,2158
SGU,2015,8,	21,1818
SGU,2015,9,	14,1068
SHV,2015,1,	123,11952
SHV,2015,11,	88,8485
SHV,2015,12,	98,11775
SHV,2015,2,	81,9445
SHV,2015,3,	148,16662
SHV,2015,4,	111,13157
SHV,2015,5,	133,19366
SHV,2015,6,	157,20959
SHV,2015,7,	108,12595
SHV,2015,8,	124,13490
SHV,2015,9,	81,8052
SIT,2015,1,	14,965
SIT,2015,11,	24,2655
SIT,2015,12,	12,1359
SIT,2015,2,	11,1293
SIT,2015,3,	20,1857
SIT,2015,4,	15,1447
SIT,2015,5,	13,832
SIT,2015,6,	24,1959
SIT,2015,7,	38,3092
SIT,2015,8,	34,3506
SIT,2015,9,	16,1129
SJC,2015,1,	556,55721
SJC,2015,11,	504,49564
SJC,2015,12,	746,71627
SJC,2015,2,	459,43326
SJC,2015,3,	544,51749
SJC,2015,4,	537,51636
SJC,2015,5,	693,62156
SJC,2015,6,	794,83485
SJC,2015,7,	907,93814
SJC,2015,8,	682,72717
SJC,2015,9,	395,37222
SJT,2015,1,	28,2483
SJT,2015,11,	18,1017
SJT,2015,12,	10,1197
SJT,2015,2,	27,2667
SJT,2015,3,	53,5097
SJT,2015,4,	30,3821
SJT,2015,5,	31,3183
SJT,2015,6,	29,2654
SJT,2015,7,	23,1844
SJT,2015,8,	17,1424
SJT,2015,9,	13,1181
SJU,2015,1,	563,57182
SJU,2015,11,	412,31962
SJU,2015,12,	801,80104
SJU,2015,2,	551,60740
SJU,2015,3,	580,62173
SJU,2015,4,	386,39025
SJU,2015,5,	335,34568
SJU,2015,6,	510,65077
SJU,2015,7,	565,61157
SJU,2015,8,	556,60530
SJU,2015,9,	262,26351
SLC,2015,1,	1191,130580
SLC,2015,11,	981,103628
SLC,2015,12,	1745,210023
SLC,2015,2,	1108,127087
SLC,2015,3,	1135,131055
SLC,2015,4,	1042,116885
SLC,2015,5,	921,102700
SLC,2015,6,	1305,153526
SLC,2015,7,	1298,155238
SLC,2015,8,	1157,126088
SLC,2015,9,	671,80143
SMF,2015,1,	615,61879
SMF,2015,11,	502,50779
SMF,2015,12,	732,69139
SMF,2015,2,	545,54956
SMF,2015,3,	498,48781
SMF,2015,4,	592,55753
SMF,2015,5,	690,69515
SMF,2015,6,	849,91145
SMF,2015,7,	864,94480
SMF,2015,8,	780,82662
SMF,2015,9,	470,43815
SMX,2015,1,	6,566
SMX,2015,11,	6,789
SMX,2015,12,	15,2051
SMX,2015,2,	9,1000
SMX,2015,3,	7,537
SMX,2015,4,	7,498
SMX,2015,5,	22,2670
SMX,2015,6,	8,885
SMX,2015,7,	10,994
SMX,2015,8,	11,1339
SMX,2015,9,	7,969
SNA,2015,1,	422,41852
SNA,2015,11,	502,42509
SNA,2015,12,	673,63862
SNA,2015,2,	462,38552
SNA,2015,3,	452,38003
SNA,2015,4,	483,40507
SNA,2015,5,	559,50894
SNA,2015,6,	557,52014
SNA,2015,7,	668,61386
SNA,2015,8,	488,48983
SNA,2015,9,	336,28671
SPI,2015,1,	39,3687
SPI,2015,11,	27,3948
SPI,2015,12,	35,3750
SPI,2015,2,	44,5534
SPI,2015,3,	31,3216
SPI,2015,4,	21,3235
SPI,2015,5,	37,4116
SPI,2015,6,	47,6999
SPI,2015,7,	29,2564
SPI,2015,8,	26,2286
SPI,2015,9,	21,2272
SPS,2015,1,	27,2466
SPS,2015,11,	10,1918
SPS,2015,12,	9,912
SPS,2015,2,	19,2198
SPS,2015,3,	41,3212
SPS,2015,4,	25,3681
SPS,2015,5,	34,4493
SPS,2015,6,	27,2370
SPS,2015,7,	17,1574
SPS,2015,8,	10,403
SPS,2015,9,	9,720
SRQ,2015,1,	57,6958
SRQ,2015,11,	35,3525
SRQ,2015,12,	84,9700
SRQ,2015,2,	66,5834
SRQ,2015,3,	90,9008
SRQ,2015,4,	47,5960
SRQ,2015,5,	34,4275
SRQ,2015,6,	39,3702
SRQ,2015,7,	44,4599
SRQ,2015,8,	40,3904
SRQ,2015,9,	22,1678
STC,2015,1,	21,2527
STC,2015,2,	9,978
STL,2015,1,	819,79037
STL,2015,11,	572,57161
STL,2015,12,	838,94967
STL,2015,2,	742,74668
STL,2015,3,	762,74335
STL,2015,4,	773,81645
STL,2015,5,	795,96609
STL,2015,6,	1104,128508
STL,2015,7,	989,115476
STL,2015,8,	715,82333
STL,2015,9,	416,40570
STT,2015,1,	101,11553
STT,2015,11,	58,5175
STT,2015,12,	136,15525
STT,2015,2,	101,13886
STT,2015,3,	113,11643
STT,2015,4,	66,7398
STT,2015,5,	79,7890
STT,2015,6,	75,8965
STT,2015,7,	81,11199
STT,2015,8,	66,7538
STT,2015,9,	27,4458
STX,2015,1,	16,2192
STX,2015,11,	13,694
STX,2015,12,	24,1717
STX,2015,2,	18,1975
STX,2015,3,	23,1561
STX,2015,4,	16,1333
STX,2015,5,	19,1647
STX,2015,6,	17,1666
STX,2015,7,	29,2978
STX,2015,8,	17,1284
STX,2015,9,	13,1419
SUN,2015,1,	21,1680
SUN,2015,11,	2,272
SUN,2015,12,	18,1676
SUN,2015,2,	13,939
SUN,2015,3,	12,1101
SUN,2015,4,	5,405
SUN,2015,5,	3,194
SUN,2015,6,	10,1538
SUN,2015,7,	29,3157
SUN,2015,8,	22,2541
SUN,2015,9,	10,728
SUX,2015,1,	22,2794
SUX,2015,11,	6,948
SUX,2015,12,	12,902
SUX,2015,2,	29,3466
SUX,2015,3,	18,1515
SUX,2015,4,	6,522
SUX,2015,5,	5,404
SUX,2015,6,	14,1705
SUX,2015,7,	9,1036
SUX,2015,8,	8,991
SUX,2015,9,	9,862
SWF,2015,1,	9,1564
SWF,2015,11,	10,1128
SWF,2015,12,	12,1826
SWF,2015,2,	20,2085
SWF,2015,3,	6,597
SWF,2015,4,	11,834
SWF,2015,5,	10,1720
SWF,2015,6,	9,1059
SWF,2015,7,	15,2043
SWF,2015,8,	18,2506
SWF,2015,9,	14,1471
SYR,2015,1,	134,14093
SYR,2015,11,	78,7501
SYR,2015,12,	117,14920
SYR,2015,2,	140,14656
SYR,2015,3,	93,11463
SYR,2015,4,	69,8063
SYR,2015,5,	79,8737
SYR,2015,6,	113,12804
SYR,2015,7,	125,14555
SYR,2015,8,	126,15815
SYR,2015,9,	92,10608
TLH,2015,1,	57,6178
TLH,2015,11,	34,2559
TLH,2015,12,	40,6908
TLH,2015,2,	79,7834
TLH,2015,3,	67,5734
TLH,2015,4,	31,3767
TLH,2015,5,	44,5393
TLH,2015,6,	69,11413
TLH,2015,7,	56,5745
TLH,2015,8,	61,7939
TLH,2015,9,	36,4305
TOL,2015,1,	28,3958
TOL,2015,11,	8,674
TOL,2015,12,	12,912
TOL,2015,2,	26,3171
TOL,2015,3,	18,1477
TOL,2015,4,	6,414
TOL,2015,5,	7,1054
TOL,2015,6,	13,1118
TOL,2015,7,	7,684
TOL,2015,8,	8,788
TOL,2015,9,	12,1299
TPA,2015,1,	1118,115878
TPA,2015,11,	727,73930
TPA,2015,12,	1290,148654
TPA,2015,2,	1206,136521
TPA,2015,3,	1310,148263
TPA,2015,4,	943,102501
TPA,2015,5,	990,116805
TPA,2015,6,	1371,172055
TPA,2015,7,	1367,161835
TPA,2015,8,	1185,144104
TPA,2015,9,	735,75907
TRI,2015,1,	16,1541
TRI,2015,11,	15,1699
TRI,2015,12,	16,2001
TRI,2015,2,	21,2179
TRI,2015,3,	26,2927
TRI,2015,4,	25,2603
TRI,2015,5,	26,3013
TRI,2015,6,	31,3099
TRI,2015,7,	41,3588
TRI,2015,8,	36,3793
TRI,2015,9,	27,2677
TTN,2015,1,	93,12380
TTN,2015,11,	37,5686
TTN,2015,12,	52,10373
TTN,2015,2,	105,22000
TTN,2015,3,	92,14749
TTN,2015,4,	52,5353
TTN,2015,5,	71,7111
TTN,2015,6,	70,11384
TTN,2015,7,	66,10015
TTN,2015,8,	79,8292
TTN,2015,9,	61,8538
TUL,2015,1,	287,29154
TUL,2015,11,	233,22670
TUL,2015,12,	249,28238
TUL,2015,2,	254,23868
TUL,2015,3,	295,29398
TUL,2015,4,	216,25180
TUL,2015,5,	296,33441
TUL,2015,6,	352,40681
TUL,2015,7,	274,28607
TUL,2015,8,	241,27227
TUL,2015,9,	173,16498
TUS,2015,1,	328,32460
TUS,2015,11,	257,25015
TUS,2015,12,	295,32446
TUS,2015,2,	266,27816
TUS,2015,3,	295,26890
TUS,2015,4,	292,33721
TUS,2015,5,	307,31624
TUS,2015,6,	308,37492
TUS,2015,7,	315,36704
TUS,2015,8,	244,28010
TUS,2015,9,	144,14041
TVC,2015,1,	61,8970
TVC,2015,11,	25,3469
TVC,2015,12,	31,2431
TVC,2015,2,	72,7543
TVC,2015,3,	33,3738
TVC,2015,4,	21,3269
TVC,2015,5,	17,1587
TVC,2015,6,	61,6123
TVC,2015,7,	48,4466
TVC,2015,8,	44,4269
TVC,2015,9,	34,4107
TWF,2015,1,	4,171
TWF,2015,11,	8,274
TWF,2015,12,	27,1739
TWF,2015,2,	6,370
TWF,2015,3,	5,502
TWF,2015,4,	4,393
TWF,2015,5,	7,305
TWF,2015,6,	2,49
TWF,2015,7,	9,2179
TWF,2015,8,	9,768
TWF,2015,9,	6,340
TXK,2015,1,	16,1587
TXK,2015,11,	21,1600
TXK,2015,12,	17,1590
TXK,2015,2,	8,938
TXK,2015,3,	23,1785
TXK,2015,4,	16,1581
TXK,2015,5,	12,1242
TXK,2015,6,	13,1488
TXK,2015,7,	15,1186
TXK,2015,8,	11,1070
TXK,2015,9,	9,600
TYR,2015,1,	46,6181
TYR,2015,11,	31,3899
TYR,2015,12,	11,1563
TYR,2015,2,	41,3482
TYR,2015,3,	63,4854
TYR,2015,4,	44,5108
TYR,2015,5,	50,5173
TYR,2015,6,	57,6732
TYR,2015,7,	35,3697
TYR,2015,8,	48,5741
TYR,2015,9,	17,1760
TYS,2015,1,	150,17995
TYS,2015,11,	108,13315
TYS,2015,12,	127,16609
TYS,2015,2,	163,16742
TYS,2015,3,	159,17580
TYS,2015,4,	108,10307
TYS,2015,5,	164,18881
TYS,2015,6,	225,26781
TYS,2015,7,	190,22099
TYS,2015,8,	146,19187
TYS,2015,9,	89,9135
UST,2015,1,	2,175
UST,2015,11,	1,162
UST,2015,12,	2,318
UST,2015,2,	5,761
UST,2015,3,	1,44
UST,2015,4,	1,340
UST,2015,5,	4,594
UST,2015,6,	2,139
UST,2015,7,	4,285
UST,2015,8,	7,515
UST,2015,9,	7,506
VEL,2015,1,	4,82
VEL,2015,2,	1,29
VEL,2015,3,	1,30
VEL,2015,4,	2,32
VLD,2015,1,	11,1399
VLD,2015,11,	15,1157
VLD,2015,12,	14,2064
VLD,2015,2,	11,979
VLD,2015,3,	22,1826
VLD,2015,4,	17,1309
VLD,2015,5,	12,1444
VLD,2015,6,	18,1682
VLD,2015,7,	22,2124
VLD,2015,8,	23,2769
VLD,2015,9,	16,1744
VPS,2015,1,	68,6309
VPS,2015,11,	57,6071
VPS,2015,12,	72,8447
VPS,2015,2,	67,6447
VPS,2015,3,	91,11291
VPS,2015,4,	77,7794
VPS,2015,5,	104,11775
VPS,2015,6,	142,18550
VPS,2015,7,	92,8645
VPS,2015,8,	89,9590
VPS,2015,9,	45,3830
WRG,2015,1,	16,1978
WRG,2015,11,	9,749
WRG,2015,12,	4,692
WRG,2015,2,	6,591
WRG,2015,3,	16,2717
WRG,2015,4,	12,762
WRG,2015,5,	14,1094
WRG,2015,6,	18,2000
WRG,2015,7,	10,1387
WRG,2015,8,	19,1780
WRG,2015,9,	8,687
WYS,2015,6,	3,149
WYS,2015,7,	8,691
WYS,2015,8,	6,189
WYS,2015,9,	2,38
XNA,2015,1,	209,25256
XNA,2015,11,	145,14598
XNA,2015,12,	145,14977
XNA,2015,2,	230,24255
XNA,2015,3,	238,24473
XNA,2015,4,	164,16186
XNA,2015,5,	161,21013
XNA,2015,6,	257,31406
XNA,2015,7,	229,24558
XNA,2015,8,	205,21054
XNA,2015,9,	131,12953
YAK,2015,1,	7,787
YAK,2015,11,	8,1021
YAK,2015,12,	5,328
YAK,2015,2,	4,532
YAK,2015,3,	14,1349
YAK,2015,4,	11,714
YAK,2015,5,	6,403
YAK,2015,6,	9,601
YAK,2015,7,	9,703
YAK,2015,8,	11,800
YAK,2015,9,	13,1307
YUM,2015,1,	30,2511
YUM,2015,11,	15,1279
YUM,2015,12,	30,2094
YUM,2015,2,	13,2025
YUM,2015,3,	24,1335
YUM,2015,4,	21,2501
YUM,2015,5,	15,1561
YUM,2015,6,	29,4139
YUM,2015,7,	18,2051
YUM,2015,8,	24,2610
YUM,2015,9,	18,1733
